-- --------------------------------------------------------
-- 호스트:                          127.0.0.1
-- 서버 버전:                        10.6.4-MariaDB - mariadb.org binary distribution
-- 서버 OS:                        Win64
-- HeidiSQL 버전:                  11.3.0.6295
-- --------------------------------------------------------

/*!40101 SET @OLD_CHARACTER_SET_CLIENT=@@CHARACTER_SET_CLIENT */;
/*!40101 SET NAMES utf8 */;
/*!50503 SET NAMES utf8mb4 */;
/*!40014 SET @OLD_FOREIGN_KEY_CHECKS=@@FOREIGN_KEY_CHECKS, FOREIGN_KEY_CHECKS=0 */;
/*!40101 SET @OLD_SQL_MODE=@@SQL_MODE, SQL_MODE='NO_AUTO_VALUE_ON_ZERO' */;
/*!40111 SET @OLD_SQL_NOTES=@@SQL_NOTES, SQL_NOTES=0 */;


-- shop 데이터베이스 구조 내보내기
DROP DATABASE IF EXISTS `shop`;
CREATE DATABASE IF NOT EXISTS `shop` /*!40100 DEFAULT CHARACTER SET utf8mb3 */;
USE `shop`;

-- 테이블 shop.category 구조 내보내기
DROP TABLE IF EXISTS `category`;
CREATE TABLE IF NOT EXISTS `category` (
  `category_name` varchar(200) NOT NULL,
  `update_date` date NOT NULL,
  `create_date` date NOT NULL,
  `category_state` enum('Y','N') NOT NULL DEFAULT 'Y',
  PRIMARY KEY (`category_name`)
) ENGINE=InnoDB DEFAULT CHARSET=utf8mb3;

-- 테이블 데이터 shop.category:~6 rows (대략적) 내보내기
DELETE FROM `category`;
/*!40000 ALTER TABLE `category` DISABLE KEYS */;
INSERT INTO `category` (`category_name`, `update_date`, `create_date`, `category_state`) VALUES
	('경제', '2021-10-01', '2021-09-17', 'Y'),
	('만화', '2021-09-28', '2021-09-17', 'N'),
	('소설', '2021-09-17', '2021-09-17', 'Y'),
	('여행', '2021-09-17', '2021-09-17', 'Y'),
	('외국어', '2021-09-17', '2021-09-17', 'Y'),
	('잡지', '2021-09-17', '2021-09-17', 'Y');
/*!40000 ALTER TABLE `category` ENABLE KEYS */;

-- 테이블 shop.ebook 구조 내보내기
DROP TABLE IF EXISTS `ebook`;
CREATE TABLE IF NOT EXISTS `ebook` (
  `ebook_no` int(11) NOT NULL AUTO_INCREMENT,
  `ebook_isbn` char(13) NOT NULL,
  `category_name` varchar(50) NOT NULL,
  `ebook_title` varchar(50) NOT NULL,
  `ebook_author` varchar(50) NOT NULL,
  `ebook_company` varchar(50) NOT NULL,
  `ebook_page_count` int(11) NOT NULL,
  `ebook_price` int(11) NOT NULL,
  `ebook_img` varchar(50) NOT NULL,
  `ebook_summary` text NOT NULL,
  `ebook_state` enum('판매중','품절','절판','구편절판') NOT NULL,
  `create_date` datetime NOT NULL,
  `update_date` datetime NOT NULL,
  PRIMARY KEY (`ebook_no`),
  KEY `FK_ebook_category` (`category_name`),
  CONSTRAINT `FK_ebook_category` FOREIGN KEY (`category_name`) REFERENCES `category` (`category_name`) ON DELETE NO ACTION ON UPDATE NO ACTION
) ENGINE=InnoDB AUTO_INCREMENT=1001 DEFAULT CHARSET=utf8mb3;

-- 테이블 데이터 shop.ebook:~1,000 rows (대략적) 내보내기
DELETE FROM `ebook`;
/*!40000 ALTER TABLE `ebook` DISABLE KEYS */;
INSERT INTO `ebook` (`ebook_no`, `ebook_isbn`, `category_name`, `ebook_title`, `ebook_author`, `ebook_company`, `ebook_page_count`, `ebook_price`, `ebook_img`, `ebook_summary`, `ebook_state`, `create_date`, `update_date`) VALUES
	(1, '147227433-4', '경제', 'Ruth', 'Karla', 'Skyble', 654, 12309, 'noimage.jpg', 'felis eu sapien cursus vestibulum proin eu mi nulla ac enim in tempor turpis nec euismod scelerisque', '품절', '2021-03-09 00:00:00', '2021-05-25 00:00:00'),
	(2, '563594900-2', '여행', 'Cassius', 'Kettie', 'Yabox', 194, 14086, 'noimage.jpg', 'pede justo lacinia eget tincidunt eget tempus vel pede morbi', '절판', '2020-12-14 00:00:00', '2021-04-19 00:00:00'),
	(3, '465772845-8', '경제', 'Isak', 'Domini', 'Babbleopia', 843, 11206, 'noimage.jpg', 'quam turpis adipiscing lorem vitae mattis nibh ligula nec sem duis aliquam convallis nunc', '구편절판', '2021-05-01 00:00:00', '2021-01-06 00:00:00'),
	(4, '704672042-8', '소설', 'Mina', 'Olympe', 'Trudoo', 285, 11242, 'noimage.jpg', 'metus arcu adipiscing molestie hendrerit at vulputate vitae nisl aenean lectus pellentesque eget', '절판', '2021-05-11 00:00:00', '2021-04-10 00:00:00'),
	(5, '177111182-8', '잡지', 'Garner', 'Ephrem', 'Skivee', 783, 29696, 'noimage.jpg', 'posuere nonummy integer non velit donec diam neque vestibulum eget vulputate', '품절', '2021-04-26 00:00:00', '2021-01-28 00:00:00'),
	(6, '205860653-1', '소설', 'Carlita', 'Lambert', 'Babbleblab', 37, 20961, 'noimage.jpg', 'vestibulum ac est lacinia nisi venenatis tristique fusce congue diam id ornare imperdiet sapien urna pretium nisl ut volutpat sapien', '판매중', '2021-04-20 00:00:00', '2021-08-27 00:00:00'),
	(7, '928400365-2', '외국어', 'Sheppard', 'Mathe', 'Twiyo', 118, 22235, 'noimage.jpg', 'vel sem sed sagittis nam congue risus semper porta volutpat quam', '절판', '2021-07-16 00:00:00', '2021-09-11 00:00:00'),
	(8, '772439894-1', '여행', 'Quint', 'Mace', 'Fliptune', 868, 24377, 'noimage.jpg', 'congue vivamus metus arcu adipiscing molestie hendrerit at vulputate vitae nisl aenean lectus pellentesque eget nunc donec quis orci eget', '품절', '2021-05-31 00:00:00', '2021-02-08 00:00:00'),
	(9, '526535931-1', '만화', 'Katya', 'Fernanda', 'Mudo', 994, 19823, 'noimage.jpg', 'justo eu massa donec dapibus duis at velit eu est congue elementum in hac habitasse platea dictumst morbi', '절판', '2020-11-16 00:00:00', '2021-09-06 00:00:00'),
	(10, '224452870-7', '잡지', 'Bendite', 'Verna', 'Riffpedia', 708, 14744, 'noimage.jpg', 'quam suspendisse potenti nullam porttitor lacus at turpis donec posuere metus vitae ipsum aliquam non mauris morbi', '절판', '2021-03-16 00:00:00', '2021-06-24 00:00:00'),
	(11, '289033554-2', '경제', 'Valeria', 'Calli', 'Lazzy', 638, 22424, 'noimage.jpg', 'volutpat erat quisque erat eros viverra eget congue eget semper', '구편절판', '2021-01-11 00:00:00', '2021-01-18 00:00:00'),
	(12, '833762951-7', '경제', 'Abdul', 'Cointon', 'Dynava', 666, 26793, 'noimage.jpg', 'eget tincidunt eget tempus vel pede morbi porttitor lorem id ligula suspendisse', '절판', '2021-02-26 00:00:00', '2021-08-02 00:00:00'),
	(13, '132770300-9', '만화', 'Cleveland', 'Baily', 'Skidoo', 479, 7000, 'noimage.jpg', 'eu magna vulputate luctus cum sociis natoque penatibus et magnis dis', '구편절판', '2021-08-11 00:00:00', '2021-06-23 00:00:00'),
	(14, '482450046-X', '잡지', 'Darya', 'Carolus', 'Trunyx', 293, 12231, 'noimage.jpg', 'a suscipit nulla elit ac nulla sed vel enim sit amet nunc viverra dapibus nulla', '품절', '2021-01-17 00:00:00', '2021-01-20 00:00:00'),
	(15, '913797477-7', '여행', 'Ruggiero', 'Wat', 'Yozio', 107, 14025, 'noimage.jpg', 'vitae quam suspendisse potenti nullam porttitor lacus at turpis donec posuere metus vitae', '판매중', '2021-09-19 00:00:00', '2021-01-06 00:00:00'),
	(16, '663306550-7', '잡지', 'Rowena', 'Simona', 'Centimia', 845, 7181, 'noimage.jpg', 'ut nulla sed accumsan felis ut at dolor quis odio consequat varius integer ac leo pellentesque', '절판', '2021-03-18 00:00:00', '2021-01-18 00:00:00'),
	(17, '489159428-4', '외국어', 'Christoforo', 'Emmey', 'Chatterbridge', 249, 7466, 'noimage.jpg', 'rhoncus mauris enim leo rhoncus sed vestibulum sit amet cursus id turpis integer', '품절', '2021-06-28 00:00:00', '2021-02-04 00:00:00'),
	(18, '617008875-3', '잡지', 'Rabi', 'Mirna', 'Linkbridge', 350, 14896, 'noimage.jpg', 'sem praesent id massa id nisl venenatis lacinia aenean sit amet justo morbi ut odio', '판매중', '2021-04-11 00:00:00', '2021-06-02 00:00:00'),
	(19, '226720843-1', '만화', 'Gauthier', 'Tiphanie', 'Cogilith', 95, 15842, 'noimage.jpg', 'est congue elementum in hac habitasse platea dictumst morbi vestibulum velit id pretium', '판매중', '2021-07-30 00:00:00', '2021-06-16 00:00:00'),
	(20, '638014513-3', '만화', 'Robyn', 'Weylin', 'Rhynyx', 87, 26950, 'noimage.jpg', 'non sodales sed tincidunt eu felis fusce posuere felis sed lacus', '품절', '2021-08-30 00:00:00', '2021-09-18 00:00:00'),
	(21, '007955350-8', '여행', 'Martelle', 'Willi', 'Linkbridge', 588, 28106, 'noimage.jpg', 'in hac habitasse platea dictumst maecenas ut massa quis augue luctus tincidunt', '구편절판', '2020-11-20 00:00:00', '2021-06-03 00:00:00'),
	(22, '053672348-6', '만화', 'Elizabet', 'Jennine', 'Zava', 775, 29411, 'noimage.jpg', 'sodales scelerisque mauris sit amet eros suspendisse accumsan tortor quis turpis sed ante vivamus tortor duis mattis egestas metus aenean', '절판', '2020-09-30 00:00:00', '2020-11-05 00:00:00'),
	(23, '304132539-X', '잡지', 'Hamid', 'Fabio', 'Dabvine', 80, 21308, 'noimage.jpg', 'quisque porta volutpat erat quisque erat eros viverra eget congue eget', '구편절판', '2020-12-28 00:00:00', '2021-04-01 00:00:00'),
	(24, '604948290-X', '여행', 'Cornie', 'Merill', 'Flashspan', 171, 12722, 'noimage.jpg', 'nulla sed accumsan felis ut at dolor quis odio consequat varius integer ac leo pellentesque ultrices mattis odio donec vitae', '품절', '2021-03-17 00:00:00', '2020-09-25 00:00:00'),
	(25, '838529342-6', '외국어', 'Meriel', 'Virginia', 'Devpoint', 651, 27350, 'noimage.jpg', 'imperdiet nullam orci pede venenatis non sodales sed tincidunt eu felis fusce posuere felis sed lacus morbi', '판매중', '2021-06-17 00:00:00', '2021-03-08 00:00:00'),
	(26, '090975137-4', '소설', 'Edsel', 'Vivyan', 'Trupe', 115, 20215, 'noimage.jpg', 'nulla nisl nunc nisl duis bibendum felis sed interdum venenatis turpis enim blandit', '절판', '2021-04-11 00:00:00', '2021-05-13 00:00:00'),
	(27, '092480729-6', '경제', 'Lemuel', 'Lisa', 'Trudeo', 390, 27470, 'noimage.jpg', 'risus semper porta volutpat quam pede lobortis ligula sit amet eleifend pede libero quis orci nullam molestie nibh in', '구편절판', '2021-07-26 00:00:00', '2021-05-14 00:00:00'),
	(28, '785756081-2', '경제', 'Pierre', 'Neal', 'Buzzshare', 959, 26417, 'noimage.jpg', 'nec nisi vulputate nonummy maecenas tincidunt lacus at velit vivamus vel nulla eget eros elementum pellentesque quisque', '품절', '2021-06-05 00:00:00', '2021-08-08 00:00:00'),
	(29, '714516560-0', '만화', 'Jarret', 'Iseabal', 'Twimm', 253, 19722, 'noimage.jpg', 'tempor convallis nulla neque libero convallis eget eleifend luctus ultricies eu nibh quisque id', '판매중', '2020-12-06 00:00:00', '2021-03-24 00:00:00'),
	(30, '839425371-7', '외국어', 'Hilary', 'Jada', 'Rhynoodle', 269, 8744, 'noimage.jpg', 'quisque ut erat curabitur gravida nisi at nibh in hac habitasse platea', '절판', '2021-08-06 00:00:00', '2020-10-18 00:00:00'),
	(31, '962802465-5', '잡지', 'Concettina', 'Berkley', 'Livetube', 526, 29123, 'noimage.jpg', 'pulvinar nulla pede ullamcorper augue a suscipit nulla elit ac nulla sed vel enim', '판매중', '2021-05-17 00:00:00', '2020-10-16 00:00:00'),
	(32, '047279270-9', '경제', 'Brooke', 'Mac', 'Skimia', 337, 7696, 'noimage.jpg', 'ante ipsum primis in faucibus orci luctus et ultrices posuere cubilia curae', '구편절판', '2020-12-28 00:00:00', '2021-03-04 00:00:00'),
	(33, '790301161-8', '경제', 'Tan', 'Carver', 'Photospace', 689, 8333, 'noimage.jpg', 'nulla integer pede justo lacinia eget tincidunt eget tempus vel', '절판', '2021-08-28 00:00:00', '2021-04-11 00:00:00'),
	(34, '333937793-6', '소설', 'Talbot', 'Jorgan', 'Oyope', 548, 9417, 'noimage.jpg', 'proin at turpis a pede posuere nonummy integer non velit donec diam neque vestibulum eget vulputate ut ultrices', '절판', '2021-01-14 00:00:00', '2021-07-06 00:00:00'),
	(35, '642805737-9', '경제', 'Camellia', 'Cornell', 'Chatterpoint', 548, 25317, 'noimage.jpg', 'nonummy integer non velit donec diam neque vestibulum eget vulputate ut ultrices vel augue vestibulum ante ipsum', '판매중', '2020-12-03 00:00:00', '2021-04-18 00:00:00'),
	(36, '172794769-X', '소설', 'Zebedee', 'Koo', 'Flashpoint', 653, 27635, 'noimage.jpg', 'risus dapibus augue vel accumsan tellus nisi eu orci mauris lacinia sapien quis libero nullam sit amet turpis elementum', '절판', '2021-06-30 00:00:00', '2021-07-30 00:00:00'),
	(37, '621521792-1', '경제', 'Hermy', 'Ric', 'Twiyo', 787, 17647, 'noimage.jpg', 'iaculis justo in hac habitasse platea dictumst etiam faucibus cursus urna ut tellus nulla', '구편절판', '2020-12-22 00:00:00', '2021-01-13 00:00:00'),
	(38, '089584593-8', '경제', 'Deborah', 'Raffarty', 'Rhynoodle', 966, 26342, 'noimage.jpg', 'dui maecenas tristique est et tempus semper est quam pharetra magna', '품절', '2020-10-10 00:00:00', '2021-07-25 00:00:00'),
	(39, '960053171-4', '경제', 'Kalina', 'Deni', 'Jaxspan', 207, 24139, 'noimage.jpg', 'sapien sapien non mi integer ac neque duis bibendum morbi non quam nec dui luctus rutrum nulla tellus in sagittis', '절판', '2020-10-17 00:00:00', '2021-08-11 00:00:00'),
	(40, '023239858-5', '외국어', 'Ashley', 'Gina', 'Viva', 226, 5817, 'noimage.jpg', 'luctus ultricies eu nibh quisque id justo sit amet sapien dignissim vestibulum vestibulum ante ipsum primis in faucibus', '품절', '2021-06-10 00:00:00', '2021-07-31 00:00:00'),
	(41, '924773691-9', '여행', 'Calv', 'Sallyann', 'Shuffledrive', 441, 6101, 'noimage.jpg', 'vitae nisi nam ultrices libero non mattis pulvinar nulla pede ullamcorper augue a suscipit', '판매중', '2021-02-01 00:00:00', '2021-05-24 00:00:00'),
	(42, '606483384-X', '외국어', 'Quincy', 'Sasha', 'Browsedrive', 389, 28212, 'noimage.jpg', 'rutrum nulla nunc purus phasellus in felis donec semper sapien a libero nam dui proin leo odio porttitor id consequat', '구편절판', '2021-03-14 00:00:00', '2021-07-06 00:00:00'),
	(43, '817309725-9', '소설', 'Darill', 'Jorie', 'Centidel', 57, 22722, 'noimage.jpg', 'ante ipsum primis in faucibus orci luctus et ultrices posuere cubilia curae nulla dapibus dolor vel est', '절판', '2021-03-14 00:00:00', '2021-03-16 00:00:00'),
	(44, '026989236-2', '외국어', 'Vivianna', 'Fee', 'Plajo', 168, 6971, 'noimage.jpg', 'at velit eu est congue elementum in hac habitasse platea dictumst morbi vestibulum velit id pretium iaculis diam', '품절', '2021-08-30 00:00:00', '2020-12-15 00:00:00'),
	(45, '360362588-9', '외국어', 'Merwyn', 'Bo', 'Zoonder', 47, 17051, 'noimage.jpg', 'duis consequat dui nec nisi volutpat eleifend donec ut dolor morbi', '판매중', '2021-05-05 00:00:00', '2020-10-13 00:00:00'),
	(46, '325189557-5', '만화', 'Jeni', 'Hestia', 'Avaveo', 47, 10582, 'noimage.jpg', 'purus phasellus in felis donec semper sapien a libero nam dui proin leo odio', '판매중', '2021-08-08 00:00:00', '2021-07-12 00:00:00'),
	(47, '330494348-X', '소설', 'Nesta', 'Boycie', 'Voonder', 232, 7303, 'noimage.jpg', 'etiam justo etiam pretium iaculis justo in hac habitasse platea dictumst etiam faucibus cursus urna', '품절', '2021-03-12 00:00:00', '2020-12-18 00:00:00'),
	(48, '510399604-9', '외국어', 'Magda', 'Ode', 'Zoomdog', 414, 20674, 'noimage.jpg', 'amet lobortis sapien sapien non mi integer ac neque duis bibendum morbi non quam nec', '구편절판', '2020-09-28 00:00:00', '2021-05-07 00:00:00'),
	(49, '154783354-8', '여행', 'Millisent', 'Mirabel', 'Vipe', 985, 19357, 'noimage.jpg', 'justo sollicitudin ut suscipit a feugiat et eros vestibulum ac', '품절', '2020-12-12 00:00:00', '2021-07-05 00:00:00'),
	(50, '813599221-1', '소설', 'Orelee', 'Analise', 'Brightbean', 203, 25667, 'noimage.jpg', 'elementum eu interdum eu tincidunt in leo maecenas pulvinar lobortis est phasellus sit amet erat', '구편절판', '2021-07-20 00:00:00', '2020-11-15 00:00:00'),
	(51, '875498759-8', '여행', 'Carree', 'Collete', 'Thoughtmix', 239, 25143, 'noimage.jpg', 'dignissim vestibulum vestibulum ante ipsum primis in faucibus orci luctus et ultrices posuere cubilia curae nulla', '판매중', '2021-08-22 00:00:00', '2021-04-07 00:00:00'),
	(52, '207409109-5', '여행', 'Gottfried', 'Daloris', 'Trilith', 126, 25612, 'noimage.jpg', 'eget vulputate ut ultrices vel augue vestibulum ante ipsum primis in', '품절', '2021-09-16 00:00:00', '2020-10-14 00:00:00'),
	(53, '103525160-4', '잡지', 'Page', 'Gun', 'Eabox', 502, 16175, 'noimage.jpg', 'arcu adipiscing molestie hendrerit at vulputate vitae nisl aenean lectus', '구편절판', '2021-03-03 00:00:00', '2021-09-22 00:00:00'),
	(54, '790500566-6', '잡지', 'Lorry', 'Bessie', 'Photolist', 994, 29261, 'noimage.jpg', 'lobortis sapien sapien non mi integer ac neque duis bibendum morbi non quam', '절판', '2021-03-27 00:00:00', '2021-04-08 00:00:00'),
	(55, '400318007-0', '여행', 'Portie', 'Enoch', 'Edgetag', 105, 9217, 'noimage.jpg', 'nisl duis bibendum felis sed interdum venenatis turpis enim blandit mi in porttitor pede', '품절', '2020-11-19 00:00:00', '2021-08-14 00:00:00'),
	(56, '862923766-X', '만화', 'Dot', 'Garret', 'Voonder', 331, 23733, 'noimage.jpg', 'pulvinar nulla pede ullamcorper augue a suscipit nulla elit ac nulla', '절판', '2021-05-06 00:00:00', '2020-12-24 00:00:00'),
	(57, '170508817-1', '경제', 'Ambros', 'Fleur', 'Zoombeat', 664, 5689, 'noimage.jpg', 'sapien ut nunc vestibulum ante ipsum primis in faucibus orci luctus et ultrices posuere cubilia curae mauris viverra diam', '품절', '2021-04-25 00:00:00', '2021-03-17 00:00:00'),
	(58, '574230941-4', '만화', 'Jerrie', 'Sidnee', 'Browsetype', 295, 9654, 'noimage.jpg', 'molestie sed justo pellentesque viverra pede ac diam cras pellentesque volutpat', '품절', '2021-08-06 00:00:00', '2021-07-24 00:00:00'),
	(59, '914656169-2', '외국어', 'Ethelyn', 'Jesse', 'Yamia', 539, 7625, 'noimage.jpg', 'vel nisl duis ac nibh fusce lacus purus aliquet at feugiat', '구편절판', '2021-02-12 00:00:00', '2021-06-25 00:00:00'),
	(60, '363884517-6', '외국어', 'Shaun', 'Margalit', 'Browsezoom', 604, 13237, 'noimage.jpg', 'venenatis non sodales sed tincidunt eu felis fusce posuere felis sed', '판매중', '2021-05-31 00:00:00', '2020-11-29 00:00:00'),
	(61, '619121997-0', '경제', 'Peria', 'Tommi', 'Jabberbean', 794, 11385, 'noimage.jpg', 'nisl duis ac nibh fusce lacus purus aliquet at feugiat non pretium quis lectus suspendisse', '판매중', '2021-07-09 00:00:00', '2020-11-25 00:00:00'),
	(62, '705893349-9', '경제', 'Prudi', 'Armin', 'Wordtune', 678, 26081, 'noimage.jpg', 'vulputate ut ultrices vel augue vestibulum ante ipsum primis in faucibus orci luctus et ultrices posuere cubilia', '절판', '2021-01-12 00:00:00', '2021-03-05 00:00:00'),
	(63, '849217174-X', '외국어', 'Nap', 'Marris', 'Flashdog', 487, 22115, 'noimage.jpg', 'hac habitasse platea dictumst maecenas ut massa quis augue luctus tincidunt nulla mollis molestie lorem quisque', '절판', '2020-12-07 00:00:00', '2021-07-23 00:00:00'),
	(64, '956391768-5', '만화', 'Owen', 'Taffy', 'Topicblab', 905, 27102, 'noimage.jpg', 'quis turpis eget elit sodales scelerisque mauris sit amet eros suspendisse accumsan tortor quis turpis sed', '절판', '2021-01-30 00:00:00', '2021-04-07 00:00:00'),
	(65, '463882159-6', '경제', 'Joline', 'Rozalie', 'Aibox', 800, 27292, 'noimage.jpg', 'consectetuer eget rutrum at lorem integer tincidunt ante vel ipsum praesent blandit lacinia erat vestibulum sed', '판매중', '2021-02-14 00:00:00', '2020-12-09 00:00:00'),
	(66, '314331623-3', '경제', 'Orion', 'Ainslee', 'Flashdog', 786, 7780, 'noimage.jpg', 'cursus vestibulum proin eu mi nulla ac enim in tempor turpis nec euismod scelerisque quam turpis', '절판', '2021-03-18 00:00:00', '2021-08-22 00:00:00'),
	(67, '717681520-8', '여행', 'Tommi', 'Lesly', 'Eidel', 160, 21797, 'noimage.jpg', 'lacinia sapien quis libero nullam sit amet turpis elementum ligula vehicula consequat morbi a ipsum', '구편절판', '2021-04-10 00:00:00', '2021-08-30 00:00:00'),
	(68, '096865294-8', '경제', 'Whitman', 'Stormie', 'Buzzdog', 233, 9393, 'noimage.jpg', 'cubilia curae donec pharetra magna vestibulum aliquet ultrices erat tortor sollicitudin mi', '품절', '2021-08-21 00:00:00', '2021-08-24 00:00:00'),
	(69, '722415847-X', '만화', 'Erminie', 'Ajay', 'Tavu', 510, 7297, 'noimage.jpg', 'vitae nisi nam ultrices libero non mattis pulvinar nulla pede ullamcorper augue a suscipit nulla elit ac nulla sed vel', '품절', '2021-02-25 00:00:00', '2021-02-19 00:00:00'),
	(70, '947553406-7', '소설', 'Charo', 'Adora', 'Flashdog', 75, 24992, 'noimage.jpg', 'bibendum morbi non quam nec dui luctus rutrum nulla tellus in sagittis dui vel nisl duis ac nibh fusce lacus', '절판', '2021-08-29 00:00:00', '2021-02-08 00:00:00'),
	(71, '707127294-8', '여행', 'Niel', 'Falkner', 'Eayo', 823, 27175, 'noimage.jpg', 'sed justo pellentesque viverra pede ac diam cras pellentesque volutpat dui maecenas tristique est et', '판매중', '2021-03-19 00:00:00', '2021-05-07 00:00:00'),
	(72, '656683018-9', '경제', 'Carly', 'North', 'Bluezoom', 619, 6925, 'noimage.jpg', 'id consequat in consequat ut nulla sed accumsan felis ut at dolor quis odio', '구편절판', '2020-12-29 00:00:00', '2021-02-19 00:00:00'),
	(73, '067591608-9', '소설', 'Danie', 'Thia', 'Jazzy', 345, 18601, 'noimage.jpg', 'cubilia curae mauris viverra diam vitae quam suspendisse potenti nullam porttitor', '판매중', '2020-11-23 00:00:00', '2021-01-30 00:00:00'),
	(74, '474028852-4', '잡지', 'Sollie', 'Justen', 'Eidel', 262, 20658, 'noimage.jpg', 'et ultrices posuere cubilia curae donec pharetra magna vestibulum aliquet ultrices erat tortor sollicitudin mi sit amet', '구편절판', '2020-12-28 00:00:00', '2021-04-10 00:00:00'),
	(75, '917840603-X', '잡지', 'Ollie', 'Tamas', 'Thoughtworks', 417, 21125, 'noimage.jpg', 'nisi volutpat eleifend donec ut dolor morbi vel lectus in quam fringilla rhoncus', '절판', '2020-12-16 00:00:00', '2021-01-23 00:00:00'),
	(76, '936065010-2', '여행', 'Maire', 'Clemmie', 'Omba', 12, 27435, 'noimage.jpg', 'consequat dui nec nisi volutpat eleifend donec ut dolor morbi vel lectus in', '품절', '2021-05-28 00:00:00', '2021-08-18 00:00:00'),
	(77, '117302355-0', '만화', 'Mikael', 'Celestyna', 'Trunyx', 916, 25114, 'noimage.jpg', 'sit amet consectetuer adipiscing elit proin risus praesent lectus vestibulum quam sapien varius ut blandit non interdum in ante', '구편절판', '2021-08-02 00:00:00', '2021-05-18 00:00:00'),
	(78, '384539268-1', '소설', 'Merle', 'Jed', 'Kayveo', 718, 11654, 'noimage.jpg', 'et tempus semper est quam pharetra magna ac consequat metus sapien', '구편절판', '2021-09-11 00:00:00', '2021-03-30 00:00:00'),
	(79, '788782838-4', '여행', 'Kandy', 'Ingar', 'Gabtype', 836, 10065, 'noimage.jpg', 'sed ante vivamus tortor duis mattis egestas metus aenean fermentum donec ut mauris eget massa tempor convallis nulla neque libero', '구편절판', '2021-06-08 00:00:00', '2021-07-22 00:00:00'),
	(80, '475272691-2', '경제', 'Ashby', 'Griswold', 'Izio', 807, 17827, 'noimage.jpg', 'integer tincidunt ante vel ipsum praesent blandit lacinia erat vestibulum sed magna at nunc', '판매중', '2021-08-30 00:00:00', '2021-08-17 00:00:00'),
	(81, '903887300-X', '외국어', 'Pattie', 'Georgina', 'Quatz', 573, 19798, 'noimage.jpg', 'amet cursus id turpis integer aliquet massa id lobortis convallis tortor risus dapibus', '품절', '2021-02-13 00:00:00', '2021-04-06 00:00:00'),
	(82, '117675478-5', '소설', 'Glynis', 'Aldin', 'Devcast', 136, 15458, 'noimage.jpg', 'fermentum justo nec condimentum neque sapien placerat ante nulla justo aliquam quis', '절판', '2021-07-22 00:00:00', '2020-09-25 00:00:00'),
	(83, '212194516-4', '잡지', 'Georgetta', 'Ody', 'Eadel', 212, 20872, 'noimage.jpg', 'id turpis integer aliquet massa id lobortis convallis tortor risus dapibus augue vel', '절판', '2020-11-28 00:00:00', '2021-08-30 00:00:00'),
	(84, '670292981-1', '외국어', 'Cris', 'Ryley', 'Voonyx', 360, 29376, 'noimage.jpg', 'ligula sit amet eleifend pede libero quis orci nullam molestie nibh in lectus pellentesque at nulla suspendisse potenti', '품절', '2020-12-27 00:00:00', '2021-07-16 00:00:00'),
	(85, '217304643-8', '경제', 'Rod', 'Mignon', 'Edgeblab', 894, 16976, 'noimage.jpg', 'lacinia sapien quis libero nullam sit amet turpis elementum ligula vehicula consequat morbi', '절판', '2021-09-14 00:00:00', '2020-12-27 00:00:00'),
	(86, '943122294-9', '경제', 'Vergil', 'Duffie', 'Kaymbo', 768, 17703, 'noimage.jpg', 'vestibulum ante ipsum primis in faucibus orci luctus et ultrices posuere cubilia curae donec pharetra', '품절', '2021-06-08 00:00:00', '2021-06-19 00:00:00'),
	(87, '709399569-1', '만화', 'Laurene', 'Blanche', 'Feedmix', 122, 22318, 'noimage.jpg', 'donec quis orci eget orci vehicula condimentum curabitur in libero', '구편절판', '2021-03-29 00:00:00', '2021-02-27 00:00:00'),
	(88, '299881825-0', '잡지', 'Gussi', 'Chickie', 'Chatterpoint', 559, 27471, 'noimage.jpg', 'vestibulum sed magna at nunc commodo placerat praesent blandit nam nulla integer pede justo lacinia eget tincidunt eget tempus vel', '품절', '2021-04-25 00:00:00', '2021-05-22 00:00:00'),
	(89, '679274141-8', '잡지', 'Basilio', 'Honoria', 'Bluejam', 629, 15080, 'noimage.jpg', 'nisl ut volutpat sapien arcu sed augue aliquam erat volutpat in', '판매중', '2021-04-17 00:00:00', '2021-04-13 00:00:00'),
	(90, '496033847-4', '잡지', 'Koral', 'Mohammed', 'Wordware', 62, 23716, 'noimage.jpg', 'in est risus auctor sed tristique in tempus sit amet', '판매중', '2021-04-23 00:00:00', '2020-12-31 00:00:00'),
	(91, '220862046-1', '만화', 'Shane', 'Tanny', 'Kamba', 655, 16938, 'noimage.jpg', 'nec euismod scelerisque quam turpis adipiscing lorem vitae mattis nibh ligula nec sem duis', '절판', '2021-01-28 00:00:00', '2021-04-14 00:00:00'),
	(92, '713891600-0', '외국어', 'Leontyne', 'Ramsey', 'Fivechat', 586, 20292, 'noimage.jpg', 'in est risus auctor sed tristique in tempus sit amet sem fusce consequat nulla nisl nunc nisl duis', '구편절판', '2020-12-28 00:00:00', '2021-02-28 00:00:00'),
	(93, '406991735-7', '잡지', 'Neysa', 'Joannes', 'Wikido', 595, 29536, 'noimage.jpg', 'at dolor quis odio consequat varius integer ac leo pellentesque ultrices mattis odio donec vitae nisi nam ultrices libero non', '판매중', '2021-09-12 00:00:00', '2021-04-26 00:00:00'),
	(94, '681986251-2', '여행', 'Barrie', 'Shandie', 'Zazio', 817, 28059, 'noimage.jpg', 'potenti in eleifend quam a odio in hac habitasse platea dictumst maecenas ut massa', '구편절판', '2021-09-19 00:00:00', '2020-11-02 00:00:00'),
	(95, '535288839-8', '소설', 'Gris', 'Sayres', 'Youbridge', 54, 20513, 'noimage.jpg', 'rutrum neque aenean auctor gravida sem praesent id massa id nisl', '구편절판', '2021-08-29 00:00:00', '2021-05-21 00:00:00'),
	(96, '406883179-3', '경제', 'Teddie', 'Dwight', 'Divavu', 202, 28295, 'noimage.jpg', 'erat eros viverra eget congue eget semper rutrum nulla nunc purus phasellus in felis', '품절', '2021-05-21 00:00:00', '2021-03-22 00:00:00'),
	(97, '504936669-0', '여행', 'Marcellina', 'Jarrod', 'Feedfish', 912, 5222, 'noimage.jpg', 'sit amet consectetuer adipiscing elit proin interdum mauris non ligula pellentesque ultrices phasellus id sapien in sapien iaculis congue', '판매중', '2021-09-22 00:00:00', '2021-10-05 18:01:25'),
	(98, '896545867-6', '여행', 'Christin', 'Prent', 'Jamia', 146, 14732, 'noimage.jpg', 'massa donec dapibus duis at velit eu est congue elementum in', '품절', '2021-01-26 00:00:00', '2021-02-23 00:00:00'),
	(99, '189378077-5', '잡지', 'Evangelin', 'Riannon', 'Jetpulse', 56, 21146, 'noimage.jpg', 'nunc proin at turpis a pede posuere nonummy integer non velit donec diam neque vestibulum eget vulputate ut ultrices vel', '구편절판', '2021-05-24 00:00:00', '2021-02-26 00:00:00'),
	(100, '258825053-X', '잡지', 'Deeann', 'Carling', 'Divavu', 942, 21795, 'noimage.jpg', 'libero convallis eget eleifend luctus ultricies eu nibh quisque id justo sit amet sapien dignissim vestibulum vestibulum ante ipsum', '구편절판', '2021-07-23 00:00:00', '2021-04-30 00:00:00'),
	(101, '997766899-X', '소설', 'Pris', 'Aindrea', 'Oloo', 628, 8808, 'noimage.jpg', 'volutpat dui maecenas tristique est et tempus semper est quam pharetra magna ac', '품절', '2021-09-13 00:00:00', '2020-10-05 00:00:00'),
	(102, '675299541-9', '소설', 'Fabian', 'Eal', 'Aimbo', 60, 27861, 'noimage.jpg', 'fusce congue diam id ornare imperdiet sapien urna pretium nisl ut volutpat', '절판', '2021-05-05 00:00:00', '2021-05-16 00:00:00'),
	(103, '242574019-8', '만화', 'Arly', 'Berte', 'Wikizz', 334, 26505, 'noimage.jpg', 'id consequat in consequat ut nulla sed accumsan felis ut at dolor quis odio consequat', '품절', '2021-01-23 00:00:00', '2021-08-05 00:00:00'),
	(104, '926474920-9', '여행', 'Heywood', 'Maximilien', 'Tagpad', 636, 15141, 'noimage.jpg', 'ultrices posuere cubilia curae mauris viverra diam vitae quam suspendisse potenti nullam porttitor', '절판', '2021-02-04 00:00:00', '2020-09-27 00:00:00'),
	(105, '668135322-3', '만화', 'Abrahan', 'Willabella', 'Browsetype', 335, 27372, 'noimage.jpg', 'pede justo eu massa donec dapibus duis at velit eu est', '구편절판', '2021-04-13 00:00:00', '2021-07-09 00:00:00'),
	(106, '850276734-8', '만화', 'Thaddeus', 'Jeanna', 'Oyoyo', 223, 7194, 'noimage.jpg', 'nibh in lectus pellentesque at nulla suspendisse potenti cras in purus eu magna', '품절', '2021-02-26 00:00:00', '2021-05-16 00:00:00'),
	(107, '500425040-5', '여행', 'Sky', 'Dulcea', 'Eayo', 43, 7031, 'noimage.jpg', 'sit amet consectetuer adipiscing elit proin risus praesent lectus vestibulum quam sapien varius', '구편절판', '2021-07-29 00:00:00', '2021-08-09 00:00:00'),
	(108, '127177047-4', '경제', 'Marget', 'Ivory', 'Viva', 836, 10585, 'noimage.jpg', 'platea dictumst morbi vestibulum velit id pretium iaculis diam erat fermentum justo nec', '구편절판', '2021-02-15 00:00:00', '2021-02-20 00:00:00'),
	(109, '357732539-9', '만화', 'Katerine', 'Alanah', 'Trunyx', 191, 9442, 'noimage.jpg', 'ut volutpat sapien arcu sed augue aliquam erat volutpat in congue etiam justo', '구편절판', '2021-04-07 00:00:00', '2021-06-05 00:00:00'),
	(110, '327847052-4', '잡지', 'Quintana', 'Marcel', 'Lajo', 522, 11438, 'noimage.jpg', 'eu orci mauris lacinia sapien quis libero nullam sit amet', '품절', '2021-04-07 00:00:00', '2021-09-20 00:00:00'),
	(111, '160960007-X', '여행', 'Denice', 'Dag', 'Realbridge', 914, 23487, 'noimage.jpg', 'neque libero convallis eget eleifend luctus ultricies eu nibh quisque id', '판매중', '2021-03-06 00:00:00', '2021-08-06 00:00:00'),
	(112, '176472837-8', '경제', 'Dana', 'Sheilah', 'Fivechat', 173, 6327, 'noimage.jpg', 'orci luctus et ultrices posuere cubilia curae nulla dapibus dolor vel', '절판', '2021-08-11 00:00:00', '2021-02-11 00:00:00'),
	(113, '351478068-4', '만화', 'Alwyn', 'Tudor', 'Cogidoo', 703, 19089, 'noimage.jpg', 'pede posuere nonummy integer non velit donec diam neque vestibulum eget vulputate ut ultrices vel augue vestibulum', '구편절판', '2020-10-07 00:00:00', '2021-04-22 00:00:00'),
	(114, '052089337-9', '소설', 'Merl', 'Issiah', 'Rhynyx', 845, 26892, 'noimage.jpg', 'praesent id massa id nisl venenatis lacinia aenean sit amet justo morbi ut odio cras mi pede malesuada', '절판', '2020-09-29 00:00:00', '2021-06-21 00:00:00'),
	(115, '161531785-6', '여행', 'Zarah', 'Munroe', 'Kayveo', 946, 28074, 'noimage.jpg', 'blandit nam nulla integer pede justo lacinia eget tincidunt eget tempus vel pede morbi porttitor lorem id', '구편절판', '2021-09-10 00:00:00', '2021-02-12 00:00:00'),
	(116, '225103598-2', '소설', 'Corinne', 'Andree', 'Voolith', 432, 6324, 'noimage.jpg', 'luctus nec molestie sed justo pellentesque viverra pede ac diam cras pellentesque volutpat dui', '판매중', '2021-09-14 00:00:00', '2020-12-28 00:00:00'),
	(117, '207388913-1', '소설', 'Del', 'Thalia', 'Thoughtblab', 777, 15372, 'noimage.jpg', 'commodo vulputate justo in blandit ultrices enim lorem ipsum dolor sit amet consectetuer', '품절', '2021-07-09 00:00:00', '2021-05-14 00:00:00'),
	(118, '281991731-3', '여행', 'Aloisia', 'Lyndy', 'Npath', 355, 26800, 'noimage.jpg', 'erat nulla tempus vivamus in felis eu sapien cursus vestibulum proin eu mi nulla ac', '판매중', '2021-03-02 00:00:00', '2021-03-04 00:00:00'),
	(119, '854577348-X', '여행', 'Janith', 'Martelle', 'Dablist', 48, 9787, 'noimage.jpg', 'tempor convallis nulla neque libero convallis eget eleifend luctus ultricies eu nibh quisque id', '판매중', '2021-08-20 00:00:00', '2020-12-02 00:00:00'),
	(120, '994282365-4', '소설', 'Jacky', 'Levin', 'Brightdog', 223, 21527, 'noimage.jpg', 'turpis eget elit sodales scelerisque mauris sit amet eros suspendisse accumsan tortor quis', '품절', '2021-03-07 00:00:00', '2021-09-20 00:00:00'),
	(121, '823255383-9', '잡지', 'Gunter', 'Allan', 'Cogidoo', 979, 20195, 'noimage.jpg', 'platea dictumst aliquam augue quam sollicitudin vitae consectetuer eget rutrum', '구편절판', '2021-01-27 00:00:00', '2020-12-16 00:00:00'),
	(122, '355525081-7', '잡지', 'Claudian', 'Libbi', 'Oyondu', 364, 19849, 'noimage.jpg', 'donec ut dolor morbi vel lectus in quam fringilla rhoncus mauris enim leo rhoncus sed vestibulum sit amet cursus', '판매중', '2021-04-13 00:00:00', '2021-05-01 00:00:00'),
	(123, '132049692-X', '잡지', 'Ogdan', 'Hieronymus', 'Photofeed', 977, 26753, 'noimage.jpg', 'elit proin risus praesent lectus vestibulum quam sapien varius ut blandit non interdum in ante', '구편절판', '2021-03-21 00:00:00', '2020-12-02 00:00:00'),
	(124, '992389736-2', '외국어', 'Danya', 'Perren', 'Jazzy', 174, 24659, 'noimage.jpg', 'feugiat et eros vestibulum ac est lacinia nisi venenatis tristique fusce congue diam id ornare imperdiet sapien urna', '판매중', '2021-07-23 00:00:00', '2020-12-21 00:00:00'),
	(125, '245563451-5', '여행', 'Heath', 'Matti', 'Trunyx', 131, 22925, 'noimage.jpg', 'libero quis orci nullam molestie nibh in lectus pellentesque at nulla suspendisse potenti cras', '판매중', '2020-12-24 00:00:00', '2021-07-22 00:00:00'),
	(126, '509031726-7', '경제', 'Bartholomew', 'Myrle', 'Voonte', 50, 6005, 'noimage.jpg', 'lacus at turpis donec posuere metus vitae ipsum aliquam non mauris morbi non lectus aliquam sit amet diam', '절판', '2021-08-30 00:00:00', '2021-06-19 00:00:00'),
	(127, '314883897-1', '만화', 'Karoline', 'Felecia', 'Twitterbeat', 488, 24678, 'noimage.jpg', 'ultrices phasellus id sapien in sapien iaculis congue vivamus metus arcu', '구편절판', '2020-11-07 00:00:00', '2020-11-26 00:00:00'),
	(128, '183665853-2', '만화', 'Monah', 'Reese', 'Gigaclub', 715, 10497, 'noimage.jpg', 'aliquet maecenas leo odio condimentum id luctus nec molestie sed justo pellentesque viverra pede ac diam cras', '품절', '2021-07-29 00:00:00', '2021-07-06 00:00:00'),
	(129, '566989441-3', '외국어', 'Lesli', 'Chelsy', 'Aibox', 580, 28489, 'noimage.jpg', 'odio donec vitae nisi nam ultrices libero non mattis pulvinar nulla pede ullamcorper', '품절', '2020-12-05 00:00:00', '2020-10-15 00:00:00'),
	(130, '326635150-9', '외국어', 'Cornell', 'Melonie', 'Linkbridge', 719, 11015, 'noimage.jpg', 'nibh in quis justo maecenas rhoncus aliquam lacus morbi quis tortor id nulla ultrices aliquet maecenas leo', '품절', '2021-09-16 00:00:00', '2021-04-29 00:00:00'),
	(131, '744231872-X', '경제', 'Birch', 'Livvie', 'Shufflebeat', 396, 12749, 'noimage.jpg', 'nulla pede ullamcorper augue a suscipit nulla elit ac nulla', '절판', '2020-09-28 00:00:00', '2021-05-11 00:00:00'),
	(132, '303544500-1', '만화', 'Teena', 'Hilliard', 'Topicblab', 348, 7306, 'noimage.jpg', 'lectus in quam fringilla rhoncus mauris enim leo rhoncus sed vestibulum sit amet cursus id turpis integer', '품절', '2021-08-17 00:00:00', '2020-11-02 00:00:00'),
	(133, '542058955-9', '만화', 'Tanya', 'Benedick', 'Skiba', 869, 10873, 'noimage.jpg', 'ut erat id mauris vulputate elementum nullam varius nulla facilisi cras non velit nec nisi vulputate nonummy maecenas tincidunt lacus', '판매중', '2021-06-14 00:00:00', '2021-02-03 00:00:00'),
	(134, '862905569-3', '만화', 'Jonah', 'Katina', 'Mydo', 659, 14409, 'noimage.jpg', 'non velit nec nisi vulputate nonummy maecenas tincidunt lacus at velit vivamus vel nulla eget eros', '구편절판', '2021-04-09 00:00:00', '2021-03-20 00:00:00'),
	(135, '118647747-4', '만화', 'Obadias', 'Malissia', 'Skinix', 205, 19839, 'noimage.jpg', 'mi sit amet lobortis sapien sapien non mi integer ac neque duis bibendum morbi non quam nec dui luctus', '판매중', '2021-09-02 00:00:00', '2021-09-07 00:00:00'),
	(136, '903251761-9', '여행', 'Thaddus', 'Ruby', 'Thoughtbridge', 16, 12406, 'noimage.jpg', 'amet erat nulla tempus vivamus in felis eu sapien cursus vestibulum proin eu mi nulla ac enim in tempor', '절판', '2020-12-15 00:00:00', '2021-06-12 00:00:00'),
	(137, '846088735-9', '외국어', 'Marja', 'Karlotta', 'Layo', 606, 12243, 'noimage.jpg', 'nec molestie sed justo pellentesque viverra pede ac diam cras pellentesque volutpat dui maecenas tristique est et tempus semper est', '판매중', '2021-07-06 00:00:00', '2021-07-30 00:00:00'),
	(138, '196227139-0', '외국어', 'Aaren', 'Fanny', 'Livefish', 569, 19971, 'noimage.jpg', 'dictumst maecenas ut massa quis augue luctus tincidunt nulla mollis molestie lorem quisque ut erat curabitur gravida nisi at nibh', '품절', '2020-11-13 00:00:00', '2021-06-25 00:00:00'),
	(139, '893459258-3', '잡지', 'Shane', 'Leyla', 'Quamba', 198, 6358, 'noimage.jpg', 'sem sed sagittis nam congue risus semper porta volutpat quam pede lobortis ligula sit amet', '절판', '2021-02-03 00:00:00', '2021-02-18 00:00:00'),
	(140, '870259468-4', '소설', 'Cindee', 'Monika', 'Zazio', 544, 21451, 'noimage.jpg', 'justo in blandit ultrices enim lorem ipsum dolor sit amet consectetuer adipiscing elit proin interdum mauris', '절판', '2021-05-23 00:00:00', '2021-04-05 00:00:00'),
	(141, '608476910-1', '외국어', 'Shamus', 'Willey', 'Edgepulse', 104, 6905, 'noimage.jpg', 'augue aliquam erat volutpat in congue etiam justo etiam pretium', '판매중', '2021-05-17 00:00:00', '2020-11-07 00:00:00'),
	(142, '921779318-3', '경제', 'Brianna', 'Sigfried', 'Abata', 246, 23038, 'noimage.jpg', 'curabitur in libero ut massa volutpat convallis morbi odio odio elementum eu interdum eu tincidunt in leo', '절판', '2020-11-01 00:00:00', '2021-08-26 00:00:00'),
	(143, '334007466-6', '경제', 'Claudia', 'Archibaldo', 'Skidoo', 970, 22179, 'noimage.jpg', 'condimentum id luctus nec molestie sed justo pellentesque viverra pede ac diam cras pellentesque', '구편절판', '2021-04-26 00:00:00', '2020-12-11 00:00:00'),
	(144, '880206068-1', '여행', 'Hortensia', 'Giusto', 'Digitube', 432, 17603, 'noimage.jpg', 'mi pede malesuada in imperdiet et commodo vulputate justo in blandit ultrices enim lorem ipsum', '구편절판', '2021-02-12 00:00:00', '2021-05-03 00:00:00'),
	(145, '778418845-5', '경제', 'Eugen', 'Jerrie', 'Feednation', 609, 17647, 'noimage.jpg', 'vivamus metus arcu adipiscing molestie hendrerit at vulputate vitae nisl aenean lectus pellentesque eget nunc donec quis orci eget orci', '절판', '2021-09-02 00:00:00', '2021-04-28 00:00:00'),
	(146, '515534224-4', '외국어', 'Hildegaard', 'Leonerd', 'Jabberstorm', 173, 13216, 'noimage.jpg', 'vulputate vitae nisl aenean lectus pellentesque eget nunc donec quis orci eget orci', '구편절판', '2020-11-24 00:00:00', '2021-08-21 00:00:00'),
	(147, '629883205-X', '경제', 'Corabelle', 'Derby', 'Edgeify', 735, 23396, 'noimage.jpg', 'est et tempus semper est quam pharetra magna ac consequat metus sapien ut nunc', '구편절판', '2021-04-09 00:00:00', '2021-09-11 00:00:00'),
	(148, '704966791-9', '잡지', 'Bernardo', 'Viola', 'Gabcube', 942, 5070, 'noimage.jpg', 'nulla ac enim in tempor turpis nec euismod scelerisque quam turpis adipiscing', '품절', '2021-03-24 00:00:00', '2021-03-26 00:00:00'),
	(149, '607393966-3', '여행', 'Truman', 'Melisande', 'Trudoo', 774, 26512, 'noimage.jpg', 'amet consectetuer adipiscing elit proin risus praesent lectus vestibulum quam sapien varius ut blandit non interdum in', '절판', '2020-11-18 00:00:00', '2021-06-02 00:00:00'),
	(150, '265398859-3', '잡지', 'Tracy', 'Rosalyn', 'Meezzy', 808, 5538, 'noimage.jpg', 'amet cursus id turpis integer aliquet massa id lobortis convallis tortor risus dapibus augue', '구편절판', '2021-04-12 00:00:00', '2021-03-05 00:00:00'),
	(151, '330795572-1', '소설', 'Jessica', 'Shina', 'Skilith', 85, 28306, 'noimage.jpg', 'quis odio consequat varius integer ac leo pellentesque ultrices mattis odio donec vitae nisi nam ultrices libero non mattis', '판매중', '2020-12-05 00:00:00', '2021-06-27 00:00:00'),
	(152, '686153992-9', '외국어', 'Hali', 'Jaymee', 'Zazio', 938, 9961, 'noimage.jpg', 'ut suscipit a feugiat et eros vestibulum ac est lacinia nisi venenatis tristique fusce congue diam id ornare', '구편절판', '2020-12-05 00:00:00', '2020-10-01 00:00:00'),
	(153, '706437051-4', '만화', 'Mordecai', 'Eda', 'Twitterbeat', 647, 26422, 'noimage.jpg', 'ante ipsum primis in faucibus orci luctus et ultrices posuere cubilia curae', '품절', '2021-06-01 00:00:00', '2020-12-30 00:00:00'),
	(154, '835673520-3', '외국어', 'Phylis', 'Fred', 'Mydo', 446, 19139, 'noimage.jpg', 'feugiat et eros vestibulum ac est lacinia nisi venenatis tristique fusce congue diam id ornare', '품절', '2021-09-04 00:00:00', '2020-11-17 00:00:00'),
	(155, '274144153-7', '경제', 'Margarethe', 'Bea', 'Kwinu', 268, 5125, 'noimage.jpg', 'sem sed sagittis nam congue risus semper porta volutpat quam pede lobortis ligula', '절판', '2021-01-05 00:00:00', '2020-11-15 00:00:00'),
	(156, '088133313-1', '외국어', 'Cordy', 'Marnie', 'Skippad', 315, 19893, 'noimage.jpg', 'faucibus accumsan odio curabitur convallis duis consequat dui nec nisi volutpat eleifend donec ut', '절판', '2021-08-24 00:00:00', '2021-07-28 00:00:00'),
	(157, '406203636-3', '경제', 'Eduard', 'Jessamine', 'Flipopia', 246, 19747, 'noimage.jpg', 'consequat varius integer ac leo pellentesque ultrices mattis odio donec vitae', '절판', '2021-04-13 00:00:00', '2021-09-05 00:00:00'),
	(158, '188625714-0', '여행', 'Andriette', 'Madella', 'Avamba', 922, 7380, 'noimage.jpg', 'nec sem duis aliquam convallis nunc proin at turpis a pede posuere nonummy integer non', '구편절판', '2020-12-14 00:00:00', '2021-08-04 00:00:00'),
	(159, '220122791-8', '여행', 'Sven', 'Harbert', 'Fanoodle', 467, 7019, 'noimage.jpg', 'ac neque duis bibendum morbi non quam nec dui luctus rutrum nulla tellus in sagittis dui', '절판', '2021-01-15 00:00:00', '2020-10-10 00:00:00'),
	(160, '540221552-9', '외국어', 'Fowler', 'Emmott', 'Flashdog', 595, 15162, 'noimage.jpg', 'justo etiam pretium iaculis justo in hac habitasse platea dictumst etiam faucibus cursus', '판매중', '2021-07-21 00:00:00', '2021-09-07 00:00:00'),
	(161, '537017779-1', '외국어', 'Car', 'Evania', 'Jabbersphere', 397, 18782, 'noimage.jpg', 'rhoncus mauris enim leo rhoncus sed vestibulum sit amet cursus id', '구편절판', '2021-02-22 00:00:00', '2020-10-11 00:00:00'),
	(162, '752783496-X', '소설', 'Charlot', 'Elke', 'Devify', 640, 8181, 'noimage.jpg', 'odio curabitur convallis duis consequat dui nec nisi volutpat eleifend donec ut dolor morbi vel lectus in quam fringilla', '품절', '2020-12-22 00:00:00', '2020-10-06 00:00:00'),
	(163, '582350145-5', '소설', 'Garrek', 'Berri', 'Zoomlounge', 194, 6146, 'noimage.jpg', 'eu felis fusce posuere felis sed lacus morbi sem mauris laoreet ut rhoncus aliquet pulvinar sed nisl nunc', '구편절판', '2021-03-19 00:00:00', '2021-01-08 00:00:00'),
	(164, '468392943-0', '여행', 'Noell', 'Mariquilla', 'Voonix', 25, 28047, 'noimage.jpg', 'ipsum dolor sit amet consectetuer adipiscing elit proin risus praesent lectus vestibulum quam sapien', '판매중', '2020-09-25 00:00:00', '2021-02-28 00:00:00'),
	(165, '717820403-6', '경제', 'Mattheus', 'Jakie', 'Flipbug', 644, 27659, 'noimage.jpg', 'sagittis sapien cum sociis natoque penatibus et magnis dis parturient montes nascetur ridiculus mus etiam vel augue vestibulum', '절판', '2021-02-03 00:00:00', '2020-11-03 00:00:00'),
	(166, '730358471-4', '경제', 'Matt', 'Marianne', 'Tavu', 107, 19213, 'noimage.jpg', 'magnis dis parturient montes nascetur ridiculus mus vivamus vestibulum sagittis sapien cum sociis natoque', '절판', '2020-12-11 00:00:00', '2021-09-05 00:00:00'),
	(167, '696883976-8', '경제', 'Coralie', 'Tandie', 'Podcat', 133, 12978, 'noimage.jpg', 'risus auctor sed tristique in tempus sit amet sem fusce consequat', '구편절판', '2021-06-13 00:00:00', '2021-03-05 00:00:00'),
	(168, '287458297-2', '잡지', 'Calvin', 'Flossy', 'Feedspan', 17, 24172, 'noimage.jpg', 'in purus eu magna vulputate luctus cum sociis natoque penatibus et magnis dis', '구편절판', '2021-05-23 00:00:00', '2021-01-15 00:00:00'),
	(169, '140310816-1', '만화', 'Romona', 'Andras', 'Gigabox', 23, 16079, 'noimage.jpg', 'ultrices posuere cubilia curae donec pharetra magna vestibulum aliquet ultrices erat tortor sollicitudin mi sit amet lobortis sapien sapien non', '절판', '2021-09-20 00:00:00', '2021-05-16 00:00:00'),
	(170, '120497915-4', '만화', 'Maryellen', 'Libby', 'Roomm', 217, 28271, 'noimage.jpg', 'lobortis sapien sapien non mi integer ac neque duis bibendum', '절판', '2021-04-30 00:00:00', '2020-11-19 00:00:00'),
	(171, '267877088-5', '소설', 'Tresa', 'Erek', 'Viva', 271, 9386, 'noimage.jpg', 'rhoncus sed vestibulum sit amet cursus id turpis integer aliquet massa', '구편절판', '2021-09-04 00:00:00', '2021-04-16 00:00:00'),
	(172, '094248242-5', '소설', 'Billy', 'Florette', 'Meembee', 895, 18678, 'noimage.jpg', 'condimentum neque sapien placerat ante nulla justo aliquam quis turpis eget elit sodales scelerisque mauris sit amet eros suspendisse accumsan', '판매중', '2020-11-23 00:00:00', '2021-08-24 00:00:00'),
	(173, '501817622-9', '경제', 'Daisy', 'Ellynn', 'Fiveclub', 542, 21936, 'noimage.jpg', 'odio justo sollicitudin ut suscipit a feugiat et eros vestibulum ac est', '판매중', '2020-12-25 00:00:00', '2020-12-07 00:00:00'),
	(174, '685537892-7', '외국어', 'Fidelia', 'Roselle', 'Meembee', 286, 10781, 'noimage.jpg', 'amet consectetuer adipiscing elit proin interdum mauris non ligula pellentesque ultrices phasellus id', '품절', '2021-01-07 00:00:00', '2020-10-02 00:00:00'),
	(175, '360155061-X', '소설', 'Celestine', 'Gertruda', 'Feedfire', 985, 26661, 'noimage.jpg', 'rhoncus sed vestibulum sit amet cursus id turpis integer aliquet massa id lobortis convallis tortor risus dapibus augue', '절판', '2020-11-11 00:00:00', '2020-10-03 00:00:00'),
	(176, '053074532-1', '소설', 'Kendal', 'Brigitta', 'Blogpad', 85, 7371, 'noimage.jpg', 'et ultrices posuere cubilia curae mauris viverra diam vitae quam suspendisse potenti nullam porttitor lacus at turpis donec posuere', '절판', '2021-04-23 00:00:00', '2021-06-14 00:00:00'),
	(177, '492000593-8', '경제', 'Kylie', 'Devlen', 'Leexo', 483, 17838, 'noimage.jpg', 'mi integer ac neque duis bibendum morbi non quam nec dui luctus rutrum nulla tellus', '판매중', '2021-04-20 00:00:00', '2021-01-12 00:00:00'),
	(178, '893166425-7', '외국어', 'Sharon', 'Ninnetta', 'Shufflebeat', 696, 24327, 'noimage.jpg', 'in faucibus orci luctus et ultrices posuere cubilia curae donec pharetra magna vestibulum aliquet ultrices erat tortor sollicitudin', '품절', '2020-12-25 00:00:00', '2021-08-11 00:00:00'),
	(179, '644260605-8', '만화', 'Miner', 'Baxie', 'Ozu', 761, 15236, 'noimage.jpg', 'leo rhoncus sed vestibulum sit amet cursus id turpis integer aliquet massa id lobortis convallis', '구편절판', '2021-03-05 00:00:00', '2021-05-09 00:00:00'),
	(180, '530415261-1', '만화', 'Reginauld', 'Dana', 'Quatz', 467, 7379, 'noimage.jpg', 'duis aliquam convallis nunc proin at turpis a pede posuere nonummy integer non velit', '판매중', '2021-08-05 00:00:00', '2021-02-01 00:00:00'),
	(181, '937944356-0', '외국어', 'Buddy', 'Helyn', 'Tagcat', 101, 26156, 'noimage.jpg', 'morbi vestibulum velit id pretium iaculis diam erat fermentum justo nec condimentum neque sapien placerat ante nulla justo aliquam quis', '판매중', '2021-06-18 00:00:00', '2020-11-04 00:00:00'),
	(182, '092725074-8', '잡지', 'Gardner', 'Roxi', 'Realbuzz', 186, 17681, 'noimage.jpg', 'sed interdum venenatis turpis enim blandit mi in porttitor pede justo eu massa donec dapibus', '판매중', '2021-05-01 00:00:00', '2020-10-03 00:00:00'),
	(183, '783626925-6', '소설', 'Kassia', 'Avrom', 'Kwideo', 396, 16562, 'noimage.jpg', 'dictumst etiam faucibus cursus urna ut tellus nulla ut erat id mauris vulputate elementum nullam varius', '판매중', '2021-09-09 00:00:00', '2021-07-31 00:00:00'),
	(184, '203936230-4', '소설', 'Dyan', 'Franni', 'Mita', 570, 24393, 'noimage.jpg', 'tincidunt eu felis fusce posuere felis sed lacus morbi sem mauris laoreet ut rhoncus aliquet pulvinar sed nisl', '품절', '2021-09-04 00:00:00', '2020-11-12 00:00:00'),
	(185, '972732946-2', '경제', 'Lenna', 'Devinne', 'Voolia', 98, 26937, 'bookimage1.jpg', 'sed sagittis nam congue risus semper porta volutpat quam pede lobortis ligula sit amet eleifend pede libero quis orci nullam', '판매중', '2021-09-21 00:00:00', '2021-10-05 18:01:07'),
	(186, '663700000-0', '소설', 'Celine', 'Salim', 'Quatz', 698, 5227, 'noimage.jpg', 'ac consequat metus sapien ut nunc vestibulum ante ipsum primis in faucibus orci luctus et ultrices posuere cubilia curae mauris', '구편절판', '2021-09-05 00:00:00', '2020-10-14 00:00:00'),
	(187, '519053723-4', '여행', 'Alica', 'Allard', 'Photobean', 738, 6832, 'noimage.jpg', 'cubilia curae donec pharetra magna vestibulum aliquet ultrices erat tortor', '품절', '2021-08-12 00:00:00', '2021-08-09 00:00:00'),
	(188, '455525238-1', '외국어', 'Cort', 'Joan', 'Jabbertype', 808, 27238, 'noimage.jpg', 'orci luctus et ultrices posuere cubilia curae duis faucibus accumsan odio curabitur convallis duis', '판매중', '2020-10-21 00:00:00', '2021-05-16 00:00:00'),
	(189, '853495354-6', '외국어', 'Diann', 'Raeann', 'Yacero', 769, 10233, 'noimage.jpg', 'eros vestibulum ac est lacinia nisi venenatis tristique fusce congue diam id ornare imperdiet', '판매중', '2021-03-23 00:00:00', '2021-06-25 00:00:00'),
	(190, '144877510-8', '잡지', 'Niki', 'Jena', 'Realmix', 898, 7309, 'noimage.jpg', 'sapien a libero nam dui proin leo odio porttitor id consequat in', '절판', '2020-12-03 00:00:00', '2020-10-24 00:00:00'),
	(191, '181751915-8', '여행', 'Gabie', 'Gracia', 'Jabbertype', 860, 18772, 'noimage.jpg', 'quam turpis adipiscing lorem vitae mattis nibh ligula nec sem', '절판', '2020-12-27 00:00:00', '2020-10-19 00:00:00'),
	(192, '630964229-4', '외국어', 'Merrel', 'Martita', 'Tanoodle', 466, 24733, 'noimage.jpg', 'sit amet diam in magna bibendum imperdiet nullam orci pede venenatis non sodales sed tincidunt eu', '판매중', '2020-09-25 00:00:00', '2021-04-15 00:00:00'),
	(193, '789644097-0', '소설', 'Camey', 'Brietta', 'Twitterwire', 889, 9356, 'noimage.jpg', 'iaculis diam erat fermentum justo nec condimentum neque sapien placerat ante nulla', '구편절판', '2021-03-25 00:00:00', '2021-08-09 00:00:00'),
	(194, '909583304-6', '소설', 'Lilith', 'Stavro', 'Jabbertype', 156, 9691, 'noimage.jpg', 'nulla elit ac nulla sed vel enim sit amet nunc viverra dapibus nulla suscipit ligula', '판매중', '2020-12-08 00:00:00', '2020-12-13 00:00:00'),
	(195, '655358900-3', '만화', 'Mattie', 'Page', 'Eidel', 616, 17138, 'noimage.jpg', 'ac diam cras pellentesque volutpat dui maecenas tristique est et tempus semper est quam pharetra magna ac consequat metus sapien', '판매중', '2021-08-14 00:00:00', '2021-03-16 00:00:00'),
	(196, '408367698-1', '소설', 'Mata', 'Ringo', 'Ailane', 108, 23262, 'noimage.jpg', 'nulla justo aliquam quis turpis eget elit sodales scelerisque mauris sit amet eros', '절판', '2021-07-26 00:00:00', '2021-03-07 00:00:00'),
	(197, '504100534-6', '여행', 'Brandtr', 'Clementia', 'Zoomzone', 926, 12645, 'noimage.jpg', 'libero quis orci nullam molestie nibh in lectus pellentesque at nulla suspendisse potenti cras in purus eu magna', '절판', '2021-03-29 00:00:00', '2020-10-23 00:00:00'),
	(198, '206048857-5', '경제', 'Grenville', 'Tann', 'Fivespan', 297, 8941, 'noimage.jpg', 'volutpat quam pede lobortis ligula sit amet eleifend pede libero quis orci nullam', '품절', '2021-06-05 00:00:00', '2021-01-18 00:00:00'),
	(199, '689551153-9', '여행', 'Karia', 'Babs', 'Twitterlist', 593, 26031, 'noimage.jpg', 'aliquet massa id lobortis convallis tortor risus dapibus augue vel accumsan tellus nisi eu orci', '절판', '2020-11-24 00:00:00', '2020-10-24 00:00:00'),
	(200, '858404994-0', '잡지', 'Justen', 'Vilma', 'Zoonoodle', 383, 15743, 'noimage.jpg', 'mattis egestas metus aenean fermentum donec ut mauris eget massa tempor convallis nulla neque libero convallis eget', '절판', '2020-12-27 00:00:00', '2021-07-29 00:00:00'),
	(201, '716748375-3', '경제', 'Claybourne', 'Ellwood', 'Jabbercube', 639, 20404, 'noimage.jpg', 'eget elit sodales scelerisque mauris sit amet eros suspendisse accumsan tortor', '절판', '2020-10-20 00:00:00', '2021-07-15 00:00:00'),
	(202, '236170855-8', '소설', 'Sybyl', 'Siobhan', 'Vitz', 836, 15957, 'noimage.jpg', 'amet eros suspendisse accumsan tortor quis turpis sed ante vivamus', '절판', '2021-05-08 00:00:00', '2021-05-14 00:00:00'),
	(203, '780215436-7', '여행', 'Willem', 'Melantha', 'Quaxo', 438, 21730, 'noimage.jpg', 'massa id lobortis convallis tortor risus dapibus augue vel accumsan tellus nisi', '품절', '2020-12-07 00:00:00', '2021-03-30 00:00:00'),
	(204, '974169745-7', '외국어', 'Herrick', 'Kathe', 'Wordpedia', 733, 20847, 'noimage.jpg', 'primis in faucibus orci luctus et ultrices posuere cubilia curae donec pharetra magna vestibulum aliquet ultrices erat tortor', '절판', '2021-09-11 00:00:00', '2020-11-22 00:00:00'),
	(205, '856269577-7', '소설', 'Kennett', 'Irma', 'Meedoo', 195, 9045, 'noimage.jpg', 'dictumst aliquam augue quam sollicitudin vitae consectetuer eget rutrum at lorem integer tincidunt ante vel ipsum praesent blandit lacinia', '절판', '2021-08-12 00:00:00', '2021-07-15 00:00:00'),
	(206, '177708607-8', '만화', 'Welby', 'Vickie', 'Jabbertype', 329, 27968, 'noimage.jpg', 'quam turpis adipiscing lorem vitae mattis nibh ligula nec sem duis aliquam convallis nunc proin at turpis', '판매중', '2021-05-12 00:00:00', '2021-07-03 00:00:00'),
	(207, '761666394-X', '잡지', 'Rhiamon', 'Worden', 'Blogtags', 89, 9487, 'noimage.jpg', 'pretium iaculis diam erat fermentum justo nec condimentum neque sapien placerat ante', '절판', '2021-01-11 00:00:00', '2021-07-02 00:00:00'),
	(208, '297170794-6', '잡지', 'Brittne', 'Domingo', 'Jaloo', 336, 27003, 'noimage.jpg', 'neque vestibulum eget vulputate ut ultrices vel augue vestibulum ante ipsum primis in faucibus orci luctus et', '품절', '2020-12-28 00:00:00', '2021-02-16 00:00:00'),
	(209, '874093555-8', '소설', 'Halimeda', 'Ramsay', 'Photospace', 249, 22549, 'noimage.jpg', 'posuere cubilia curae mauris viverra diam vitae quam suspendisse potenti nullam porttitor lacus at turpis donec posuere metus vitae ipsum', '판매중', '2021-06-23 00:00:00', '2020-12-01 00:00:00'),
	(210, '725389926-1', '만화', 'Barbabra', 'Alfreda', 'Meevee', 197, 19352, 'noimage.jpg', 'nulla suspendisse potenti cras in purus eu magna vulputate luctus cum sociis natoque penatibus et magnis dis', '구편절판', '2021-07-15 00:00:00', '2021-05-14 00:00:00'),
	(211, '249014109-0', '경제', 'Amandi', 'Danielle', 'Twitterworks', 222, 19026, 'noimage.jpg', 'viverra diam vitae quam suspendisse potenti nullam porttitor lacus at turpis donec posuere metus vitae', '품절', '2021-03-27 00:00:00', '2020-11-01 00:00:00'),
	(212, '808068141-4', '소설', 'Chilton', 'Bernette', 'Livetube', 331, 14293, 'noimage.jpg', 'nulla sed vel enim sit amet nunc viverra dapibus nulla suscipit', '구편절판', '2020-10-10 00:00:00', '2021-09-14 00:00:00'),
	(213, '783543475-X', '경제', 'Reta', 'Stanley', 'Jabberbean', 212, 18212, 'noimage.jpg', 'et ultrices posuere cubilia curae mauris viverra diam vitae quam suspendisse potenti nullam porttitor lacus at turpis donec posuere metus', '구편절판', '2021-06-01 00:00:00', '2021-02-16 00:00:00'),
	(214, '295111461-3', '만화', 'Lyn', 'Dru', 'Bubblebox', 674, 23716, 'noimage.jpg', 'in lacus curabitur at ipsum ac tellus semper interdum mauris ullamcorper purus sit amet nulla quisque arcu libero rutrum ac', '판매중', '2021-09-12 00:00:00', '2020-10-15 00:00:00'),
	(215, '588250664-6', '만화', 'Janean', 'Casper', 'Flashpoint', 13, 25316, 'noimage.jpg', 'tellus in sagittis dui vel nisl duis ac nibh fusce lacus purus aliquet at feugiat', '절판', '2021-03-28 00:00:00', '2021-06-29 00:00:00'),
	(216, '081375911-0', '잡지', 'Madison', 'Olympie', 'Jabbersphere', 264, 5040, 'noimage.jpg', 'dapibus nulla suscipit ligula in lacus curabitur at ipsum ac tellus', '품절', '2021-04-13 00:00:00', '2021-04-28 00:00:00'),
	(217, '124605529-5', '만화', 'Merissa', 'Colin', 'Twinder', 435, 12548, 'noimage.jpg', 'primis in faucibus orci luctus et ultrices posuere cubilia curae nulla dapibus dolor vel est donec odio justo', '구편절판', '2021-05-13 00:00:00', '2020-11-30 00:00:00'),
	(218, '221914108-X', '소설', 'Jacquenette', 'Katha', 'Meevee', 329, 25533, 'noimage.jpg', 'facilisi cras non velit nec nisi vulputate nonummy maecenas tincidunt lacus at', '품절', '2021-05-27 00:00:00', '2021-09-12 00:00:00'),
	(219, '457096034-0', '소설', 'Oliver', 'Adrianna', 'Snaptags', 895, 15329, 'noimage.jpg', 'nulla suspendisse potenti cras in purus eu magna vulputate luctus cum sociis natoque penatibus et magnis dis parturient montes', '판매중', '2021-09-01 00:00:00', '2021-01-23 00:00:00'),
	(220, '750762199-5', '여행', 'Lelah', 'Nananne', 'Linkbuzz', 686, 25271, 'noimage.jpg', 'nulla facilisi cras non velit nec nisi vulputate nonummy maecenas tincidunt lacus at velit vivamus vel nulla eget eros elementum', '판매중', '2021-01-18 00:00:00', '2020-10-01 00:00:00'),
	(221, '704378166-3', '여행', 'Raynard', 'Viviana', 'Innotype', 994, 9881, 'noimage.jpg', 'elit sodales scelerisque mauris sit amet eros suspendisse accumsan tortor quis turpis sed ante vivamus tortor duis mattis egestas', '판매중', '2021-09-14 00:00:00', '2021-01-06 00:00:00'),
	(222, '834392822-9', '여행', 'Sollie', 'Sullivan', 'Mynte', 203, 7634, 'noimage.jpg', 'congue elementum in hac habitasse platea dictumst morbi vestibulum velit id pretium iaculis diam erat', '구편절판', '2021-09-10 00:00:00', '2021-01-21 00:00:00'),
	(223, '777073622-6', '소설', 'Britta', 'Bat', 'Ailane', 327, 19964, 'noimage.jpg', 'sociis natoque penatibus et magnis dis parturient montes nascetur ridiculus mus vivamus vestibulum sagittis sapien cum sociis', '구편절판', '2020-12-26 00:00:00', '2020-11-11 00:00:00'),
	(224, '815576044-8', '소설', 'Rosabella', 'Rachael', 'Browsebug', 33, 28805, 'noimage.jpg', 'ut at dolor quis odio consequat varius integer ac leo pellentesque ultrices mattis odio', '구편절판', '2021-03-08 00:00:00', '2020-12-09 00:00:00'),
	(225, '496213507-4', '경제', 'Damon', 'Esdras', 'Voomm', 438, 18372, 'noimage.jpg', 'pretium quis lectus suspendisse potenti in eleifend quam a odio in hac', '판매중', '2021-06-22 00:00:00', '2020-11-10 00:00:00'),
	(226, '687573576-8', '여행', 'Wilbert', 'Emera', 'Roombo', 620, 21711, 'noimage.jpg', 'quis justo maecenas rhoncus aliquam lacus morbi quis tortor id nulla ultrices aliquet maecenas leo odio condimentum id luctus', '판매중', '2021-02-02 00:00:00', '2021-09-19 00:00:00'),
	(227, '438221584-6', '소설', 'Dieter', 'Drona', 'Vipe', 50, 21200, 'noimage.jpg', 'nunc nisl duis bibendum felis sed interdum venenatis turpis enim blandit mi in porttitor pede justo eu', '절판', '2021-09-03 00:00:00', '2020-11-26 00:00:00'),
	(228, '669742298-X', '만화', 'Augustina', 'Gilburt', 'Mynte', 930, 15806, 'noimage.jpg', 'ullamcorper augue a suscipit nulla elit ac nulla sed vel enim sit amet nunc', '절판', '2021-04-02 00:00:00', '2021-09-01 00:00:00'),
	(229, '562798129-6', '잡지', 'Skipp', 'Glenda', 'Aivee', 843, 24290, 'noimage.jpg', 'donec semper sapien a libero nam dui proin leo odio porttitor id consequat in consequat ut nulla', '구편절판', '2020-10-11 00:00:00', '2021-09-10 00:00:00'),
	(230, '475597812-2', '만화', 'Melita', 'Vernice', 'Skajo', 771, 8924, 'noimage.jpg', 'nunc donec quis orci eget orci vehicula condimentum curabitur in libero ut massa', '절판', '2020-12-03 00:00:00', '2021-07-24 00:00:00'),
	(231, '169751776-5', '잡지', 'Giavani', 'Garnet', 'Oyondu', 985, 28235, 'noimage.jpg', 'ut dolor morbi vel lectus in quam fringilla rhoncus mauris enim', '구편절판', '2021-06-16 00:00:00', '2021-05-17 00:00:00'),
	(232, '848975067-X', '여행', 'Peggi', 'Madison', 'Skyvu', 766, 15468, 'noimage.jpg', 'leo odio condimentum id luctus nec molestie sed justo pellentesque viverra pede ac diam cras pellentesque', '구편절판', '2021-05-08 00:00:00', '2021-03-28 00:00:00'),
	(233, '858662917-0', '경제', 'Verney', 'Nedda', 'Vimbo', 723, 27832, 'noimage.jpg', 'nibh fusce lacus purus aliquet at feugiat non pretium quis lectus suspendisse potenti in eleifend', '판매중', '2021-01-18 00:00:00', '2021-09-06 00:00:00'),
	(234, '857282550-9', '외국어', 'Karylin', 'Onida', 'Zoonder', 801, 20796, 'noimage.jpg', 'neque aenean auctor gravida sem praesent id massa id nisl venenatis lacinia aenean sit amet justo morbi ut odio', '품절', '2021-03-13 00:00:00', '2020-10-24 00:00:00'),
	(235, '420387349-5', '경제', 'Harriette', 'Rance', 'Quinu', 545, 24100, 'noimage.jpg', 'tincidunt eget tempus vel pede morbi porttitor lorem id ligula suspendisse ornare consequat lectus in', '절판', '2021-03-09 00:00:00', '2020-12-19 00:00:00'),
	(236, '026290665-1', '소설', 'Nanon', 'Tildy', 'Voomm', 639, 5730, 'noimage.jpg', 'donec posuere metus vitae ipsum aliquam non mauris morbi non lectus', '절판', '2021-05-08 00:00:00', '2021-02-20 00:00:00'),
	(237, '287986960-9', '외국어', 'Quincy', 'Glad', 'Dablist', 758, 5577, 'noimage.jpg', 'porttitor id consequat in consequat ut nulla sed accumsan felis ut at', '절판', '2021-09-03 00:00:00', '2021-02-02 00:00:00'),
	(238, '579522249-6', '외국어', 'Jacinda', 'Malanie', 'Trupe', 137, 16788, 'noimage.jpg', 'sapien cursus vestibulum proin eu mi nulla ac enim in tempor turpis nec euismod scelerisque quam turpis adipiscing lorem', '절판', '2020-11-24 00:00:00', '2021-03-08 00:00:00'),
	(239, '991775982-4', '만화', 'Demetris', 'Keefer', 'Yakijo', 501, 10360, 'noimage.jpg', 'ultrices libero non mattis pulvinar nulla pede ullamcorper augue a suscipit nulla elit ac nulla sed vel enim', '품절', '2021-03-27 00:00:00', '2021-09-19 00:00:00'),
	(240, '243122121-0', '여행', 'Garek', 'Waverly', 'Janyx', 534, 22940, 'noimage.jpg', 'ultrices posuere cubilia curae nulla dapibus dolor vel est donec odio justo sollicitudin ut suscipit a', '판매중', '2021-04-15 00:00:00', '2021-06-27 00:00:00'),
	(241, '155177092-X', '여행', 'Gaultiero', 'Avrit', 'Aibox', 895, 6325, 'noimage.jpg', 'quisque ut erat curabitur gravida nisi at nibh in hac habitasse platea dictumst aliquam', '판매중', '2020-12-06 00:00:00', '2020-09-30 00:00:00'),
	(242, '924013206-6', '만화', 'Carly', 'Nikolai', 'Skalith', 18, 19165, 'noimage.jpg', 'cubilia curae mauris viverra diam vitae quam suspendisse potenti nullam porttitor lacus at turpis donec posuere metus', '품절', '2021-07-23 00:00:00', '2020-11-30 00:00:00'),
	(243, '681171550-2', '경제', 'Jannel', 'Joshua', 'Eamia', 281, 8884, 'noimage.jpg', 'amet cursus id turpis integer aliquet massa id lobortis convallis tortor risus dapibus augue vel accumsan tellus nisi eu', '품절', '2021-01-25 00:00:00', '2021-04-17 00:00:00'),
	(244, '359883945-6', '만화', 'Pierre', 'Wallace', 'Voonte', 420, 11948, 'noimage.jpg', 'imperdiet sapien urna pretium nisl ut volutpat sapien arcu sed augue', '품절', '2021-07-18 00:00:00', '2020-10-30 00:00:00'),
	(245, '746399813-4', '소설', 'Laetitia', 'Jessamine', 'Topicshots', 808, 26031, 'noimage.jpg', 'molestie lorem quisque ut erat curabitur gravida nisi at nibh in hac habitasse platea dictumst aliquam augue quam', '구편절판', '2021-08-06 00:00:00', '2020-10-14 00:00:00'),
	(246, '266762562-5', '만화', 'Marv', 'Erick', 'Yodoo', 760, 23467, 'noimage.jpg', 'eros vestibulum ac est lacinia nisi venenatis tristique fusce congue diam id ornare', '판매중', '2021-09-15 00:00:00', '2021-06-13 00:00:00'),
	(247, '044502531-X', '외국어', 'Marice', 'Emmy', 'Voonix', 528, 14231, 'noimage.jpg', 'justo maecenas rhoncus aliquam lacus morbi quis tortor id nulla ultrices aliquet maecenas leo odio condimentum', '판매중', '2021-06-14 00:00:00', '2021-03-17 00:00:00'),
	(248, '233693684-4', '만화', 'Aliza', 'Mavra', 'Blogpad', 639, 29445, 'noimage.jpg', 'sodales scelerisque mauris sit amet eros suspendisse accumsan tortor quis turpis', '품절', '2021-02-07 00:00:00', '2020-12-05 00:00:00'),
	(249, '478396058-5', '소설', 'Inge', 'Jesse', 'Agimba', 771, 9850, 'noimage.jpg', 'et ultrices posuere cubilia curae duis faucibus accumsan odio curabitur convallis duis consequat dui nec nisi volutpat', '절판', '2021-01-07 00:00:00', '2021-05-28 00:00:00'),
	(250, '822897599-6', '잡지', 'Jazmin', 'Alwyn', 'Zooxo', 413, 18666, 'noimage.jpg', 'est donec odio justo sollicitudin ut suscipit a feugiat et eros vestibulum ac est lacinia nisi venenatis tristique fusce', '절판', '2021-01-23 00:00:00', '2021-04-04 00:00:00'),
	(251, '536321426-1', '외국어', 'Thorn', 'Aylmar', 'Plambee', 517, 7883, 'noimage.jpg', 'turpis eget elit sodales scelerisque mauris sit amet eros suspendisse accumsan tortor quis turpis sed ante vivamus tortor duis', '판매중', '2021-03-05 00:00:00', '2021-07-14 00:00:00'),
	(252, '705675521-6', '만화', 'Thoma', 'Waverly', 'Edgetag', 232, 5695, 'noimage.jpg', 'diam neque vestibulum eget vulputate ut ultrices vel augue vestibulum ante ipsum primis in faucibus orci luctus et ultrices posuere', '판매중', '2020-11-27 00:00:00', '2021-09-02 00:00:00'),
	(253, '274346008-3', '만화', 'Holden', 'Gustave', 'Feedfire', 887, 25445, 'noimage.jpg', 'curae duis faucibus accumsan odio curabitur convallis duis consequat dui nec nisi volutpat eleifend donec ut dolor', '구편절판', '2020-11-13 00:00:00', '2021-04-20 00:00:00'),
	(254, '960500330-9', '소설', 'Minny', 'Spence', 'Wikizz', 448, 14129, 'noimage.jpg', 'ipsum primis in faucibus orci luctus et ultrices posuere cubilia curae', '품절', '2021-01-19 00:00:00', '2020-12-11 00:00:00'),
	(255, '556121603-1', '만화', 'Sayre', 'Bianka', 'Ntag', 237, 22123, 'noimage.jpg', 'sem sed sagittis nam congue risus semper porta volutpat quam pede lobortis ligula sit amet eleifend pede libero quis', '구편절판', '2021-02-12 00:00:00', '2020-12-21 00:00:00'),
	(256, '132593945-5', '잡지', 'Essa', 'Nefen', 'Browsezoom', 606, 28866, 'noimage.jpg', 'vitae mattis nibh ligula nec sem duis aliquam convallis nunc proin at turpis a', '품절', '2021-08-18 00:00:00', '2021-09-03 00:00:00'),
	(257, '000277022-9', '경제', 'Hortense', 'Reiko', 'Realbuzz', 637, 17841, 'noimage.jpg', 'vel sem sed sagittis nam congue risus semper porta volutpat quam', '구편절판', '2020-12-02 00:00:00', '2020-10-06 00:00:00'),
	(258, '334013340-9', '외국어', 'Cornie', 'Karrie', 'Roodel', 193, 14775, 'noimage.jpg', 'lorem quisque ut erat curabitur gravida nisi at nibh in hac habitasse', '구편절판', '2021-01-16 00:00:00', '2021-05-12 00:00:00'),
	(259, '033193380-2', '만화', 'Jessy', 'Matilde', 'Riffwire', 495, 25457, 'noimage.jpg', 'sapien non mi integer ac neque duis bibendum morbi non quam nec dui', '구편절판', '2021-03-04 00:00:00', '2021-04-13 00:00:00'),
	(260, '804733456-5', '외국어', 'Rahel', 'Mildred', 'Yotz', 343, 8895, 'noimage.jpg', 'eu tincidunt in leo maecenas pulvinar lobortis est phasellus sit amet', '구편절판', '2020-12-20 00:00:00', '2021-02-15 00:00:00'),
	(261, '573157000-0', '소설', 'Dewey', 'Angeli', 'Wikizz', 115, 5878, 'noimage.jpg', 'vel est donec odio justo sollicitudin ut suscipit a feugiat et eros vestibulum ac est lacinia', '판매중', '2021-08-11 00:00:00', '2021-05-26 00:00:00'),
	(262, '147216546-2', '잡지', 'Nobe', 'Kerk', 'Skyvu', 414, 23210, 'noimage.jpg', 'massa donec dapibus duis at velit eu est congue elementum in hac habitasse platea dictumst morbi vestibulum velit id pretium', '절판', '2021-08-08 00:00:00', '2020-11-13 00:00:00'),
	(263, '562276350-9', '만화', 'Mia', 'Melissa', 'Yakitri', 684, 8438, 'noimage.jpg', 'sapien arcu sed augue aliquam erat volutpat in congue etiam', '품절', '2020-10-27 00:00:00', '2021-09-17 00:00:00'),
	(264, '916086017-0', '잡지', 'Mortimer', 'Alexandros', 'Thoughtbeat', 81, 19905, 'noimage.jpg', 'nibh ligula nec sem duis aliquam convallis nunc proin at turpis a pede posuere', '구편절판', '2021-01-09 00:00:00', '2021-03-15 00:00:00'),
	(265, '157609683-1', '만화', 'Julieta', 'Panchito', 'Realblab', 832, 15526, 'noimage.jpg', 'orci nullam molestie nibh in lectus pellentesque at nulla suspendisse potenti cras in purus eu magna vulputate', '품절', '2021-07-15 00:00:00', '2020-11-23 00:00:00'),
	(266, '408265001-6', '여행', 'Gare', 'Alvan', 'Twitterwire', 855, 17174, 'noimage.jpg', 'lectus pellentesque at nulla suspendisse potenti cras in purus eu magna vulputate luctus cum sociis natoque penatibus et', '품절', '2021-05-29 00:00:00', '2021-04-24 00:00:00'),
	(267, '387226625-X', '소설', 'Manuel', 'Andrej', 'Quamba', 496, 11375, 'noimage.jpg', 'lobortis sapien sapien non mi integer ac neque duis bibendum morbi', '판매중', '2021-06-12 00:00:00', '2021-09-14 00:00:00'),
	(268, '051018207-0', '외국어', 'Stevena', 'Lory', 'Edgeclub', 870, 10686, 'noimage.jpg', 'rhoncus aliquet pulvinar sed nisl nunc rhoncus dui vel sem sed sagittis nam congue risus', '구편절판', '2021-08-20 00:00:00', '2021-09-02 00:00:00'),
	(269, '105932331-1', '소설', 'Emili', 'Stephana', 'Yakitri', 806, 25789, 'noimage.jpg', 'sed augue aliquam erat volutpat in congue etiam justo etiam', '품절', '2021-06-30 00:00:00', '2021-04-19 00:00:00'),
	(270, '276268326-2', '외국어', 'Jimmie', 'Yul', 'Eidel', 863, 5864, 'noimage.jpg', 'nunc nisl duis bibendum felis sed interdum venenatis turpis enim blandit mi in porttitor pede justo eu massa donec dapibus', '품절', '2021-03-05 00:00:00', '2020-10-09 00:00:00'),
	(271, '371599066-X', '만화', 'Bathsheba', 'Trude', 'Devshare', 878, 22114, 'noimage.jpg', 'sit amet nulla quisque arcu libero rutrum ac lobortis vel dapibus at diam nam tristique tortor eu', '품절', '2020-11-02 00:00:00', '2021-05-17 00:00:00'),
	(272, '027596915-0', '외국어', 'Minor', 'Georg', 'Wikizz', 607, 8554, 'noimage.jpg', 'turpis enim blandit mi in porttitor pede justo eu massa donec dapibus duis at velit eu est congue', '구편절판', '2021-01-16 00:00:00', '2020-10-01 00:00:00'),
	(273, '821359197-6', '외국어', 'Candice', 'Gayle', 'Wordpedia', 746, 14245, 'noimage.jpg', 'penatibus et magnis dis parturient montes nascetur ridiculus mus etiam vel augue vestibulum rutrum rutrum neque aenean auctor gravida', '구편절판', '2021-08-05 00:00:00', '2021-03-21 00:00:00'),
	(274, '900880549-9', '여행', 'Nada', 'Ermengarde', 'Topicware', 27, 13469, 'noimage.jpg', 'vestibulum ante ipsum primis in faucibus orci luctus et ultrices', '구편절판', '2020-10-21 00:00:00', '2021-09-10 00:00:00'),
	(275, '234182281-9', '여행', 'Rriocard', 'Zulema', 'Kamba', 103, 20792, 'noimage.jpg', 'ultrices enim lorem ipsum dolor sit amet consectetuer adipiscing elit proin interdum mauris non ligula pellentesque ultrices phasellus id', '판매중', '2021-04-10 00:00:00', '2021-02-18 00:00:00'),
	(276, '384373767-3', '잡지', 'Wilbur', 'Humfrid', 'Voonte', 313, 27668, 'noimage.jpg', 'mauris sit amet eros suspendisse accumsan tortor quis turpis sed ante', '판매중', '2021-05-10 00:00:00', '2021-03-22 00:00:00'),
	(277, '562357813-6', '여행', 'Perri', 'Woodie', 'Bubblemix', 871, 21675, 'noimage.jpg', 'sit amet sapien dignissim vestibulum vestibulum ante ipsum primis in faucibus orci luctus et ultrices posuere', '절판', '2020-11-25 00:00:00', '2021-02-20 00:00:00'),
	(278, '158989799-4', '여행', 'Bert', 'Flor', 'Agimba', 333, 24864, 'noimage.jpg', 'in hac habitasse platea dictumst morbi vestibulum velit id pretium iaculis diam erat fermentum justo nec condimentum neque', '판매중', '2021-08-13 00:00:00', '2021-07-22 00:00:00'),
	(279, '493402970-2', '잡지', 'Denyse', 'Gabie', 'Katz', 375, 17640, 'noimage.jpg', 'maecenas rhoncus aliquam lacus morbi quis tortor id nulla ultrices aliquet', '품절', '2020-10-29 00:00:00', '2021-07-02 00:00:00'),
	(280, '354568025-8', '외국어', 'Henrik', 'Sofia', 'Mybuzz', 28, 5086, 'noimage.jpg', 'id nulla ultrices aliquet maecenas leo odio condimentum id luctus nec', '품절', '2021-08-20 00:00:00', '2021-04-22 00:00:00'),
	(281, '162842491-5', '잡지', 'Lindsay', 'Clerissa', 'Myworks', 339, 7838, 'noimage.jpg', 'massa volutpat convallis morbi odio odio elementum eu interdum eu tincidunt in leo maecenas pulvinar lobortis est phasellus sit', '절판', '2021-08-04 00:00:00', '2021-03-17 00:00:00'),
	(282, '827182258-6', '소설', 'Archy', 'Trey', 'Wordify', 242, 8314, 'noimage.jpg', 'nascetur ridiculus mus vivamus vestibulum sagittis sapien cum sociis natoque penatibus et magnis dis parturient montes', '구편절판', '2021-07-01 00:00:00', '2021-07-14 00:00:00'),
	(283, '690670164-9', '외국어', 'De', 'Luci', 'Brainbox', 865, 6160, 'noimage.jpg', 'eu tincidunt in leo maecenas pulvinar lobortis est phasellus sit amet erat nulla tempus vivamus in felis eu sapien cursus', '절판', '2020-11-21 00:00:00', '2020-11-28 00:00:00'),
	(284, '994600323-6', '외국어', 'Padraic', 'Violante', 'Jetwire', 425, 26350, 'noimage.jpg', 'justo maecenas rhoncus aliquam lacus morbi quis tortor id nulla ultrices aliquet maecenas', '구편절판', '2020-10-19 00:00:00', '2021-04-27 00:00:00'),
	(285, '704269181-4', '잡지', 'Jennica', 'Cele', 'Browsecat', 240, 7806, 'noimage.jpg', 'placerat praesent blandit nam nulla integer pede justo lacinia eget tincidunt eget', '판매중', '2021-04-16 00:00:00', '2021-04-14 00:00:00'),
	(286, '814179983-5', '만화', 'Aube', 'Catharine', 'Dynabox', 63, 8244, 'noimage.jpg', 'diam in magna bibendum imperdiet nullam orci pede venenatis non sodales sed tincidunt eu felis fusce posuere felis', '구편절판', '2021-08-23 00:00:00', '2021-06-07 00:00:00'),
	(287, '416417565-6', '외국어', 'Stefan', 'Isac', 'Oyoba', 499, 16691, 'noimage.jpg', 'ante vel ipsum praesent blandit lacinia erat vestibulum sed magna at nunc commodo placerat praesent blandit nam nulla integer pede', '절판', '2021-05-23 00:00:00', '2021-02-07 00:00:00'),
	(288, '238870744-7', '외국어', 'Iolande', 'Pepito', 'Zoozzy', 213, 7023, 'noimage.jpg', 'nibh ligula nec sem duis aliquam convallis nunc proin at turpis a pede posuere nonummy integer non velit donec diam', '구편절판', '2021-08-16 00:00:00', '2020-10-04 00:00:00'),
	(289, '216102291-1', '여행', 'Caesar', 'Penny', 'Tagfeed', 550, 27803, 'noimage.jpg', 'a pede posuere nonummy integer non velit donec diam neque vestibulum eget vulputate ut ultrices vel augue vestibulum ante', '품절', '2020-12-22 00:00:00', '2020-11-30 00:00:00'),
	(290, '787396183-4', '외국어', 'Joelly', 'Drusy', 'Devpoint', 946, 7955, 'noimage.jpg', 'rutrum at lorem integer tincidunt ante vel ipsum praesent blandit lacinia erat vestibulum sed', '품절', '2020-12-09 00:00:00', '2021-04-07 00:00:00'),
	(291, '892520219-0', '외국어', 'Daffie', 'Verne', 'Minyx', 895, 12719, 'noimage.jpg', 'sociis natoque penatibus et magnis dis parturient montes nascetur ridiculus mus vivamus vestibulum sagittis sapien cum', '절판', '2021-07-18 00:00:00', '2020-12-24 00:00:00'),
	(292, '213984530-7', '잡지', 'Maxwell', 'Kit', 'Skynoodle', 638, 17865, 'noimage.jpg', 'diam vitae quam suspendisse potenti nullam porttitor lacus at turpis donec posuere metus vitae ipsum', '판매중', '2021-03-07 00:00:00', '2021-07-16 00:00:00'),
	(293, '228848218-4', '잡지', 'Dorie', 'Trever', 'Vidoo', 37, 11161, 'noimage.jpg', 'ipsum primis in faucibus orci luctus et ultrices posuere cubilia curae donec pharetra magna vestibulum aliquet ultrices', '품절', '2021-04-14 00:00:00', '2021-05-15 00:00:00'),
	(294, '935881334-2', '잡지', 'Benedicta', 'Shandy', 'Eare', 189, 17454, 'noimage.jpg', 'tincidunt eget tempus vel pede morbi porttitor lorem id ligula suspendisse ornare consequat lectus in est risus auctor sed', '구편절판', '2020-10-09 00:00:00', '2020-11-17 00:00:00'),
	(295, '100003150-0', '경제', 'Therine', 'Cristen', 'Miboo', 821, 15262, 'noimage.jpg', 'consectetuer adipiscing elit proin risus praesent lectus vestibulum quam sapien varius ut', '품절', '2020-10-27 00:00:00', '2021-09-19 00:00:00'),
	(296, '498212847-2', '소설', 'Brandy', 'Lionello', 'Gigaclub', 107, 15370, 'noimage.jpg', 'eget eros elementum pellentesque quisque porta volutpat erat quisque erat eros viverra eget congue eget semper rutrum nulla', '품절', '2021-03-18 00:00:00', '2020-10-31 00:00:00'),
	(297, '465786150-6', '소설', 'Sarajane', 'Daphna', 'Oyoyo', 299, 23922, 'noimage.jpg', 'interdum mauris ullamcorper purus sit amet nulla quisque arcu libero rutrum ac lobortis', '절판', '2021-08-07 00:00:00', '2021-08-02 00:00:00'),
	(298, '684318600-9', '여행', 'Lavinia', 'Peder', 'Edgeclub', 343, 18938, 'noimage.jpg', 'semper interdum mauris ullamcorper purus sit amet nulla quisque arcu libero rutrum ac lobortis', '판매중', '2021-07-25 00:00:00', '2021-08-19 00:00:00'),
	(299, '258612144-9', '잡지', 'Irma', 'Morty', 'Oloo', 732, 15177, 'noimage.jpg', 'ultrices phasellus id sapien in sapien iaculis congue vivamus metus arcu adipiscing', '판매중', '2020-12-09 00:00:00', '2021-07-02 00:00:00'),
	(300, '081721378-3', '만화', 'Merill', 'Anabal', 'Youbridge', 358, 9643, 'noimage.jpg', 'id turpis integer aliquet massa id lobortis convallis tortor risus dapibus augue vel accumsan tellus nisi eu orci mauris lacinia', '품절', '2021-03-07 00:00:00', '2021-07-20 00:00:00'),
	(301, '902541888-0', '여행', 'Penny', 'Dexter', 'Dablist', 623, 5255, 'noimage.jpg', 'pede lobortis ligula sit amet eleifend pede libero quis orci nullam molestie nibh in lectus pellentesque at nulla suspendisse', '판매중', '2020-09-26 00:00:00', '2021-08-10 00:00:00'),
	(302, '348250134-3', '만화', 'Fletcher', 'Oneida', 'Flashspan', 249, 28374, 'noimage.jpg', 'et ultrices posuere cubilia curae nulla dapibus dolor vel est donec odio justo sollicitudin ut suscipit a feugiat et eros', '품절', '2020-10-20 00:00:00', '2021-05-17 00:00:00'),
	(303, '170544975-1', '소설', 'Krystle', 'Kienan', 'Skinder', 222, 16083, 'noimage.jpg', 'pellentesque eget nunc donec quis orci eget orci vehicula condimentum curabitur', '구편절판', '2021-01-03 00:00:00', '2021-06-05 00:00:00'),
	(304, '867066579-4', '외국어', 'Sauncho', 'Whitby', 'Jaxnation', 582, 18539, 'noimage.jpg', 'in sapien iaculis congue vivamus metus arcu adipiscing molestie hendrerit at vulputate vitae nisl', '판매중', '2020-09-29 00:00:00', '2021-08-14 00:00:00'),
	(305, '090483560-X', '외국어', 'Nellie', 'Terence', 'Fliptune', 893, 5140, 'noimage.jpg', 'potenti in eleifend quam a odio in hac habitasse platea dictumst maecenas ut', '구편절판', '2020-11-08 00:00:00', '2021-08-27 00:00:00'),
	(306, '087740451-8', '소설', 'Milt', 'Inessa', 'Twitterworks', 140, 13526, 'noimage.jpg', 'justo sit amet sapien dignissim vestibulum vestibulum ante ipsum primis in faucibus orci luctus et ultrices posuere cubilia', '품절', '2021-08-09 00:00:00', '2021-02-12 00:00:00'),
	(307, '029655805-2', '만화', 'Melody', 'Gretel', 'Photolist', 40, 22493, 'noimage.jpg', 'semper rutrum nulla nunc purus phasellus in felis donec semper sapien a libero nam dui proin leo odio porttitor id', '판매중', '2020-11-26 00:00:00', '2021-08-17 00:00:00'),
	(308, '601185820-1', '외국어', 'Terencio', 'Rosanne', 'Youopia', 53, 5557, 'noimage.jpg', 'sapien quis libero nullam sit amet turpis elementum ligula vehicula consequat morbi a ipsum', '품절', '2020-10-13 00:00:00', '2021-06-24 00:00:00'),
	(309, '488328195-7', '소설', 'Massimiliano', 'Cosmo', 'Photobean', 977, 24203, 'noimage.jpg', 'molestie sed justo pellentesque viverra pede ac diam cras pellentesque volutpat dui maecenas tristique est', '절판', '2021-08-15 00:00:00', '2021-06-01 00:00:00'),
	(310, '451503031-0', '외국어', 'Leigh', 'Franny', 'Aivee', 868, 14062, 'noimage.jpg', 'aliquet maecenas leo odio condimentum id luctus nec molestie sed justo pellentesque viverra pede ac diam cras pellentesque volutpat', '품절', '2021-02-25 00:00:00', '2021-01-29 00:00:00'),
	(311, '308805538-0', '만화', 'Jan', 'Quint', 'Voonte', 336, 9930, 'noimage.jpg', 'luctus ultricies eu nibh quisque id justo sit amet sapien dignissim vestibulum vestibulum ante', '품절', '2021-07-05 00:00:00', '2021-03-29 00:00:00'),
	(312, '632904892-4', '잡지', 'Morgan', 'Phineas', 'Wikido', 158, 5438, 'noimage.jpg', 'quisque erat eros viverra eget congue eget semper rutrum nulla nunc purus phasellus in felis donec semper sapien a libero', '절판', '2021-04-17 00:00:00', '2021-08-24 00:00:00'),
	(313, '004779928-5', '여행', 'Tiffanie', 'Daron', 'Tazz', 388, 20410, 'noimage.jpg', 'leo pellentesque ultrices mattis odio donec vitae nisi nam ultrices libero non mattis pulvinar nulla pede ullamcorper', '품절', '2021-07-29 00:00:00', '2021-05-18 00:00:00'),
	(314, '194355711-X', '외국어', 'Alexandra', 'Fiann', 'Meejo', 506, 7103, 'noimage.jpg', 'in hac habitasse platea dictumst etiam faucibus cursus urna ut', '판매중', '2021-06-30 00:00:00', '2020-10-11 00:00:00'),
	(315, '370198417-4', '외국어', 'Dare', 'Raye', 'Plajo', 870, 19267, 'noimage.jpg', 'semper est quam pharetra magna ac consequat metus sapien ut nunc vestibulum ante ipsum', '절판', '2021-01-28 00:00:00', '2021-01-23 00:00:00'),
	(316, '440908338-4', '경제', 'Siobhan', 'Lemuel', 'Livetube', 119, 15158, 'noimage.jpg', 'vel nulla eget eros elementum pellentesque quisque porta volutpat erat', '구편절판', '2021-08-19 00:00:00', '2021-08-16 00:00:00'),
	(317, '580975280-2', '경제', 'Corrinne', 'Mathilda', 'Trudeo', 296, 21155, 'noimage.jpg', 'eu tincidunt in leo maecenas pulvinar lobortis est phasellus sit amet erat', '구편절판', '2021-01-20 00:00:00', '2021-05-27 00:00:00'),
	(318, '698761940-9', '소설', 'Garwin', 'Jewel', 'Aimbu', 130, 16795, 'noimage.jpg', 'non pretium quis lectus suspendisse potenti in eleifend quam a odio in hac habitasse platea dictumst maecenas ut massa', '구편절판', '2021-06-08 00:00:00', '2020-10-08 00:00:00'),
	(319, '122110396-2', '소설', 'Domingo', 'Xena', 'Wordware', 386, 9640, 'noimage.jpg', 'sed vel enim sit amet nunc viverra dapibus nulla suscipit ligula in lacus', '품절', '2021-06-09 00:00:00', '2020-12-04 00:00:00'),
	(320, '430640186-3', '외국어', 'Brodie', 'Andras', 'Skyndu', 405, 29968, 'noimage.jpg', 'consequat in consequat ut nulla sed accumsan felis ut at dolor quis odio consequat varius integer', '품절', '2021-03-31 00:00:00', '2021-01-09 00:00:00'),
	(321, '577914288-2', '경제', 'Brantley', 'Diane-marie', 'Meeveo', 64, 9128, 'noimage.jpg', 'sapien urna pretium nisl ut volutpat sapien arcu sed augue aliquam erat volutpat in congue etiam justo etiam pretium iaculis', '절판', '2020-12-23 00:00:00', '2021-05-04 00:00:00'),
	(322, '848350561-4', '잡지', 'Vanessa', 'Renaud', 'Yombu', 759, 26037, 'noimage.jpg', 'nunc commodo placerat praesent blandit nam nulla integer pede justo lacinia eget tincidunt eget', '품절', '2021-04-15 00:00:00', '2021-01-27 00:00:00'),
	(323, '402773528-5', '잡지', 'Stoddard', 'Koren', 'Quire', 99, 27677, 'noimage.jpg', 'a nibh in quis justo maecenas rhoncus aliquam lacus morbi quis', '판매중', '2020-10-25 00:00:00', '2021-06-02 00:00:00'),
	(324, '791655389-9', '잡지', 'Dena', 'Bili', 'Teklist', 706, 19454, 'noimage.jpg', 'at nulla suspendisse potenti cras in purus eu magna vulputate luctus cum sociis natoque penatibus et magnis dis', '절판', '2021-08-07 00:00:00', '2021-06-25 00:00:00'),
	(325, '896340454-4', '여행', 'Coral', 'Lanny', 'Plambee', 161, 7418, 'noimage.jpg', 'mauris non ligula pellentesque ultrices phasellus id sapien in sapien iaculis congue vivamus metus arcu adipiscing molestie hendrerit', '판매중', '2020-11-29 00:00:00', '2021-07-19 00:00:00'),
	(326, '476311897-8', '여행', 'Antoinette', 'Ryon', 'Quimba', 304, 6860, 'noimage.jpg', 'cum sociis natoque penatibus et magnis dis parturient montes nascetur ridiculus mus vivamus vestibulum sagittis', '절판', '2021-03-31 00:00:00', '2021-05-07 00:00:00'),
	(327, '576424736-5', '만화', 'Scarlet', 'Chancey', 'Dablist', 127, 21585, 'noimage.jpg', 'vehicula condimentum curabitur in libero ut massa volutpat convallis morbi odio odio elementum eu interdum eu tincidunt in leo', '판매중', '2021-02-10 00:00:00', '2021-09-14 00:00:00'),
	(328, '398238152-5', '소설', 'Amata', 'Urbano', 'Quamba', 170, 24804, 'noimage.jpg', 'luctus tincidunt nulla mollis molestie lorem quisque ut erat curabitur gravida', '절판', '2021-06-02 00:00:00', '2020-10-26 00:00:00'),
	(329, '083786480-1', '여행', 'Padraig', 'Danika', 'Gigaclub', 10, 20004, 'noimage.jpg', 'amet nunc viverra dapibus nulla suscipit ligula in lacus curabitur at ipsum ac tellus semper interdum mauris', '품절', '2021-05-17 00:00:00', '2021-07-06 00:00:00'),
	(330, '080831305-3', '경제', 'Anallise', 'Flori', 'Quimba', 220, 21772, 'noimage.jpg', 'proin leo odio porttitor id consequat in consequat ut nulla sed accumsan felis ut at dolor quis odio consequat varius', '품절', '2021-08-01 00:00:00', '2021-07-04 00:00:00'),
	(331, '116921667-6', '잡지', 'Sunshine', 'Richart', 'Mudo', 505, 9549, 'noimage.jpg', 'nisi vulputate nonummy maecenas tincidunt lacus at velit vivamus vel', '품절', '2020-12-27 00:00:00', '2021-07-11 00:00:00'),
	(332, '439690693-5', '잡지', 'Darda', 'Becki', 'Youfeed', 138, 25033, 'noimage.jpg', 'proin at turpis a pede posuere nonummy integer non velit donec diam neque vestibulum eget vulputate ut ultrices vel augue', '판매중', '2021-04-16 00:00:00', '2020-10-21 00:00:00'),
	(333, '945101140-4', '경제', 'Lee', 'Marrissa', 'Thoughtbeat', 177, 25850, 'noimage.jpg', 'lectus suspendisse potenti in eleifend quam a odio in hac habitasse platea dictumst', '품절', '2021-08-19 00:00:00', '2020-12-30 00:00:00'),
	(334, '906724714-6', '소설', 'Willie', 'Rivi', 'Rhyloo', 701, 8182, 'noimage.jpg', 'convallis morbi odio odio elementum eu interdum eu tincidunt in leo maecenas pulvinar lobortis est phasellus sit amet', '판매중', '2021-01-29 00:00:00', '2021-03-04 00:00:00'),
	(335, '246360832-3', '소설', 'Glynda', 'Onfre', 'Wordware', 795, 9011, 'noimage.jpg', 'et ultrices posuere cubilia curae nulla dapibus dolor vel est donec odio justo sollicitudin ut suscipit a feugiat et eros', '구편절판', '2020-11-15 00:00:00', '2020-12-22 00:00:00'),
	(336, '521454777-3', '만화', 'Grayce', 'Ebeneser', 'Digitube', 171, 16536, 'noimage.jpg', 'euismod scelerisque quam turpis adipiscing lorem vitae mattis nibh ligula', '품절', '2020-12-22 00:00:00', '2021-07-26 00:00:00'),
	(337, '880529768-2', '만화', 'Leslie', 'Donny', 'Leexo', 682, 11794, 'noimage.jpg', 'volutpat convallis morbi odio odio elementum eu interdum eu tincidunt in leo maecenas pulvinar lobortis est phasellus sit', '판매중', '2021-06-10 00:00:00', '2021-06-19 00:00:00'),
	(338, '232195912-6', '경제', 'Michelle', 'Barby', 'Feedbug', 342, 12522, 'noimage.jpg', 'integer non velit donec diam neque vestibulum eget vulputate ut ultrices vel augue vestibulum ante ipsum primis in', '품절', '2020-12-15 00:00:00', '2021-01-05 00:00:00'),
	(339, '009855099-3', '잡지', 'Adolphe', 'Ingrid', 'Twitterbeat', 339, 28602, 'noimage.jpg', 'pretium nisl ut volutpat sapien arcu sed augue aliquam erat volutpat in', '판매중', '2020-10-16 00:00:00', '2021-04-06 00:00:00'),
	(340, '244630852-X', '여행', 'De', 'Elvira', 'Teklist', 323, 23122, 'noimage.jpg', 'dictumst maecenas ut massa quis augue luctus tincidunt nulla mollis molestie lorem quisque ut erat curabitur', '품절', '2021-08-11 00:00:00', '2020-11-25 00:00:00'),
	(341, '900421115-2', '여행', 'Stella', 'Haslett', 'Photolist', 423, 29262, 'noimage.jpg', 'nulla suscipit ligula in lacus curabitur at ipsum ac tellus semper interdum mauris', '판매중', '2021-02-26 00:00:00', '2021-07-11 00:00:00'),
	(342, '235598412-3', '여행', 'Caresse', 'Lila', 'Leenti', 197, 13629, 'noimage.jpg', 'posuere cubilia curae nulla dapibus dolor vel est donec odio justo sollicitudin ut suscipit a feugiat et eros vestibulum ac', '구편절판', '2020-10-07 00:00:00', '2021-03-06 00:00:00'),
	(343, '453846032-X', '여행', 'Giraud', 'Megan', 'Flipstorm', 814, 29639, 'noimage.jpg', 'elit proin interdum mauris non ligula pellentesque ultrices phasellus id sapien in sapien iaculis congue vivamus', '절판', '2021-03-31 00:00:00', '2021-03-12 00:00:00'),
	(344, '925563282-5', '여행', 'Hayward', 'Orson', 'Centizu', 469, 14512, 'noimage.jpg', 'ut ultrices vel augue vestibulum ante ipsum primis in faucibus orci luctus', '품절', '2020-10-19 00:00:00', '2021-05-14 00:00:00'),
	(345, '047551930-2', '소설', 'Joshuah', 'Faydra', 'Oloo', 176, 27274, 'noimage.jpg', 'lorem ipsum dolor sit amet consectetuer adipiscing elit proin risus praesent lectus vestibulum quam', '판매중', '2021-06-14 00:00:00', '2021-04-26 00:00:00'),
	(346, '215947928-4', '경제', 'Willdon', 'Gates', 'Jaxnation', 249, 27091, 'noimage.jpg', 'sagittis nam congue risus semper porta volutpat quam pede lobortis ligula sit amet eleifend', '판매중', '2021-04-06 00:00:00', '2020-10-06 00:00:00'),
	(347, '077193176-X', '여행', 'Belinda', 'Beilul', 'Voonix', 945, 24900, 'noimage.jpg', 'at velit eu est congue elementum in hac habitasse platea dictumst morbi vestibulum velit id pretium', '판매중', '2021-06-07 00:00:00', '2020-12-28 00:00:00'),
	(348, '895224288-2', '경제', 'Jayme', 'Farlie', 'Skyba', 740, 27582, 'noimage.jpg', 'semper est quam pharetra magna ac consequat metus sapien ut nunc vestibulum ante ipsum primis in', '판매중', '2021-05-07 00:00:00', '2021-04-01 00:00:00'),
	(349, '997505297-5', '잡지', 'Vaughan', 'Bili', 'Gevee', 154, 29044, 'noimage.jpg', 'nunc rhoncus dui vel sem sed sagittis nam congue risus semper porta volutpat quam', '품절', '2021-06-16 00:00:00', '2021-06-18 00:00:00'),
	(350, '162796814-8', '만화', 'Hakim', 'Lisle', 'Twitterlist', 336, 10451, 'noimage.jpg', 'imperdiet nullam orci pede venenatis non sodales sed tincidunt eu felis fusce posuere felis', '품절', '2020-09-23 00:00:00', '2021-08-05 00:00:00'),
	(351, '404739758-X', '잡지', 'Wilma', 'Brewster', 'Gabcube', 33, 5067, 'noimage.jpg', 'ipsum dolor sit amet consectetuer adipiscing elit proin risus praesent lectus', '구편절판', '2020-10-07 00:00:00', '2020-11-07 00:00:00'),
	(352, '290586443-5', '여행', 'Orran', 'Roana', 'Lajo', 798, 28868, 'noimage.jpg', 'sagittis nam congue risus semper porta volutpat quam pede lobortis ligula sit amet eleifend pede', '판매중', '2021-02-18 00:00:00', '2020-10-17 00:00:00'),
	(353, '154556202-4', '만화', 'Blakeley', 'Marianna', 'Kayveo', 875, 19650, 'noimage.jpg', 'laoreet ut rhoncus aliquet pulvinar sed nisl nunc rhoncus dui vel sem sed sagittis nam congue risus semper porta volutpat', '품절', '2021-07-20 00:00:00', '2021-03-31 00:00:00'),
	(354, '056071132-8', '경제', 'Vale', 'Minnaminnie', 'Buzzshare', 752, 5813, 'noimage.jpg', 'eleifend quam a odio in hac habitasse platea dictumst maecenas ut massa', '구편절판', '2021-05-30 00:00:00', '2021-02-23 00:00:00'),
	(355, '677687803-X', '잡지', 'Rheta', 'Olly', 'Tazzy', 922, 20615, 'noimage.jpg', 'blandit lacinia erat vestibulum sed magna at nunc commodo placerat praesent blandit nam nulla', '절판', '2021-05-08 00:00:00', '2021-09-14 00:00:00'),
	(356, '773667176-1', '잡지', 'Perrine', 'Marla', 'Geba', 650, 17904, 'noimage.jpg', 'praesent blandit nam nulla integer pede justo lacinia eget tincidunt eget tempus vel pede morbi porttitor lorem id ligula', '구편절판', '2020-10-14 00:00:00', '2020-10-24 00:00:00'),
	(357, '864914233-8', '잡지', 'Elinore', 'Jacquette', 'Aibox', 839, 19080, 'noimage.jpg', 'lacus morbi quis tortor id nulla ultrices aliquet maecenas leo odio condimentum id luctus nec molestie sed', '품절', '2020-11-15 00:00:00', '2020-12-18 00:00:00'),
	(358, '639334917-4', '잡지', 'My', 'Gloria', 'Skivee', 389, 14480, 'noimage.jpg', 'molestie nibh in lectus pellentesque at nulla suspendisse potenti cras in purus eu magna vulputate luctus cum', '품절', '2021-03-31 00:00:00', '2021-02-04 00:00:00'),
	(359, '840625894-2', '만화', 'Bari', 'Dorry', 'Livetube', 569, 13733, 'noimage.jpg', 'cubilia curae nulla dapibus dolor vel est donec odio justo sollicitudin ut suscipit a feugiat et eros vestibulum ac', '구편절판', '2021-07-07 00:00:00', '2021-01-21 00:00:00'),
	(360, '300070948-7', '여행', 'Emera', 'Virgie', 'Realpoint', 501, 13260, 'noimage.jpg', 'dolor quis odio consequat varius integer ac leo pellentesque ultrices mattis odio donec', '품절', '2020-11-23 00:00:00', '2020-10-24 00:00:00'),
	(361, '469447534-7', '소설', 'Jewel', 'Alick', 'Katz', 675, 24633, 'noimage.jpg', 'sapien quis libero nullam sit amet turpis elementum ligula vehicula consequat morbi a', '판매중', '2020-10-30 00:00:00', '2021-09-06 00:00:00'),
	(362, '035372539-0', '외국어', 'Giraud', 'Kori', 'Gabcube', 772, 9100, 'noimage.jpg', 'et ultrices posuere cubilia curae duis faucibus accumsan odio curabitur convallis duis consequat', '품절', '2021-09-15 00:00:00', '2021-04-24 00:00:00'),
	(363, '990974621-2', '소설', 'Madella', 'Ignatius', 'Dynabox', 636, 23475, 'noimage.jpg', 'aenean fermentum donec ut mauris eget massa tempor convallis nulla neque libero convallis eget eleifend luctus ultricies', '품절', '2020-11-28 00:00:00', '2021-06-14 00:00:00'),
	(364, '218297560-8', '외국어', 'Falkner', 'Kerby', 'Rhybox', 347, 11560, 'noimage.jpg', 'turpis a pede posuere nonummy integer non velit donec diam neque vestibulum eget vulputate', '구편절판', '2021-03-10 00:00:00', '2021-05-18 00:00:00'),
	(365, '749476060-1', '잡지', 'Lotty', 'Adiana', 'Jayo', 91, 28593, 'noimage.jpg', 'justo maecenas rhoncus aliquam lacus morbi quis tortor id nulla ultrices aliquet maecenas leo odio condimentum id luctus nec molestie', '구편절판', '2020-11-04 00:00:00', '2021-03-31 00:00:00'),
	(366, '234590001-6', '잡지', 'Mauricio', 'Gunner', 'Oodoo', 759, 28812, 'noimage.jpg', 'vivamus vel nulla eget eros elementum pellentesque quisque porta volutpat erat quisque erat eros viverra eget congue eget semper', '판매중', '2021-04-06 00:00:00', '2021-08-08 00:00:00'),
	(367, '417388600-4', '경제', 'Elysha', 'Gibb', 'Dablist', 565, 7259, 'noimage.jpg', 'posuere cubilia curae mauris viverra diam vitae quam suspendisse potenti nullam porttitor lacus at turpis donec', '구편절판', '2020-11-24 00:00:00', '2021-01-09 00:00:00'),
	(368, '707154356-9', '소설', 'Nerta', 'Martica', 'Jabbercube', 266, 19772, 'noimage.jpg', 'quam a odio in hac habitasse platea dictumst maecenas ut massa quis augue', '절판', '2021-04-02 00:00:00', '2020-11-12 00:00:00'),
	(369, '468237363-3', '잡지', 'Augustin', 'Abran', 'Photojam', 156, 10697, 'noimage.jpg', 'pede justo lacinia eget tincidunt eget tempus vel pede morbi', '절판', '2021-04-08 00:00:00', '2021-06-29 00:00:00'),
	(370, '267273607-3', '잡지', 'Dion', 'Cecile', 'Avamba', 292, 16509, 'noimage.jpg', 'ut massa volutpat convallis morbi odio odio elementum eu interdum eu tincidunt', '판매중', '2020-10-19 00:00:00', '2021-07-08 00:00:00'),
	(371, '654430905-2', '잡지', 'Cindy', 'Ray', 'Devbug', 61, 26625, 'noimage.jpg', 'odio cras mi pede malesuada in imperdiet et commodo vulputate justo in blandit ultrices enim lorem ipsum dolor sit amet', '구편절판', '2021-04-11 00:00:00', '2021-07-29 00:00:00'),
	(372, '914577725-X', '만화', 'Zack', 'Lorraine', 'Kare', 650, 26807, 'noimage.jpg', 'libero ut massa volutpat convallis morbi odio odio elementum eu interdum eu tincidunt in leo maecenas', '절판', '2021-03-22 00:00:00', '2020-11-30 00:00:00'),
	(373, '108362859-3', '소설', 'Truman', 'Natka', 'Rooxo', 759, 6597, 'noimage.jpg', 'tempus semper est quam pharetra magna ac consequat metus sapien ut nunc vestibulum ante', '품절', '2021-08-04 00:00:00', '2020-10-27 00:00:00'),
	(374, '958633571-2', '외국어', 'Johnath', 'Jayson', 'Ailane', 896, 17778, 'noimage.jpg', 'in hac habitasse platea dictumst etiam faucibus cursus urna ut tellus nulla ut erat id mauris vulputate elementum nullam', '절판', '2021-04-23 00:00:00', '2021-06-16 00:00:00'),
	(375, '605055715-2', '만화', 'Gwennie', 'Bernita', 'Centidel', 180, 11840, 'noimage.jpg', 'et ultrices posuere cubilia curae nulla dapibus dolor vel est donec odio justo sollicitudin ut suscipit a', '절판', '2020-09-28 00:00:00', '2021-01-30 00:00:00'),
	(376, '329487936-9', '잡지', 'Duff', 'Victoir', 'Yakitri', 171, 21708, 'noimage.jpg', 'viverra dapibus nulla suscipit ligula in lacus curabitur at ipsum', '절판', '2021-02-04 00:00:00', '2021-03-06 00:00:00'),
	(377, '917105127-9', '여행', 'Shauna', 'Magdalen', 'Brainsphere', 542, 11234, 'noimage.jpg', 'donec semper sapien a libero nam dui proin leo odio porttitor id consequat in consequat ut nulla sed accumsan', '절판', '2021-05-22 00:00:00', '2021-04-20 00:00:00'),
	(378, '061540524-X', '잡지', 'Tamar', 'Emelita', 'Dabfeed', 912, 14834, 'noimage.jpg', 'duis consequat dui nec nisi volutpat eleifend donec ut dolor morbi', '품절', '2020-10-26 00:00:00', '2021-09-21 00:00:00'),
	(379, '940179177-5', '경제', 'Avis', 'Rosabelle', 'Youspan', 452, 8780, 'noimage.jpg', 'in ante vestibulum ante ipsum primis in faucibus orci luctus', '절판', '2020-09-30 00:00:00', '2021-06-01 00:00:00'),
	(380, '575931193-X', '소설', 'Benedicto', 'Clark', 'Mynte', 207, 23168, 'noimage.jpg', 'sit amet cursus id turpis integer aliquet massa id lobortis convallis tortor', '절판', '2021-01-14 00:00:00', '2020-12-10 00:00:00'),
	(381, '579232630-4', '외국어', 'Betty', 'Nicolis', 'Devcast', 942, 5807, 'noimage.jpg', 'hac habitasse platea dictumst etiam faucibus cursus urna ut tellus nulla ut erat id mauris vulputate elementum nullam varius nulla', '판매중', '2021-01-11 00:00:00', '2021-03-12 00:00:00'),
	(382, '150615720-3', '경제', 'Clare', 'Carlos', 'Photobug', 549, 8112, 'noimage.jpg', 'vivamus tortor duis mattis egestas metus aenean fermentum donec ut mauris eget massa tempor convallis nulla neque libero', '절판', '2021-08-05 00:00:00', '2021-09-11 00:00:00'),
	(383, '202051909-7', '잡지', 'Sapphira', 'Issiah', 'Brainbox', 759, 12525, 'noimage.jpg', 'convallis duis consequat dui nec nisi volutpat eleifend donec ut', '절판', '2021-02-02 00:00:00', '2021-05-16 00:00:00'),
	(384, '747062935-1', '여행', 'Tallie', 'Harriot', 'Dabfeed', 323, 26149, 'noimage.jpg', 'magna at nunc commodo placerat praesent blandit nam nulla integer pede justo lacinia eget tincidunt eget', '구편절판', '2021-05-05 00:00:00', '2020-11-10 00:00:00'),
	(385, '408097547-3', '경제', 'Virginia', 'Si', 'Rhybox', 504, 5338, 'noimage.jpg', 'amet consectetuer adipiscing elit proin risus praesent lectus vestibulum quam sapien varius ut', '품절', '2021-03-23 00:00:00', '2021-04-01 00:00:00'),
	(386, '201884322-2', '소설', 'Saree', 'Hart', 'Vitz', 978, 7417, 'noimage.jpg', 'a ipsum integer a nibh in quis justo maecenas rhoncus aliquam lacus morbi quis tortor id nulla', '구편절판', '2020-09-23 00:00:00', '2021-08-07 00:00:00'),
	(387, '074457518-4', '소설', 'Cordell', 'Ignazio', 'Yoveo', 738, 16176, 'noimage.jpg', 'tortor duis mattis egestas metus aenean fermentum donec ut mauris eget massa tempor convallis nulla neque libero', '품절', '2021-01-23 00:00:00', '2021-02-24 00:00:00'),
	(388, '706842775-8', '잡지', 'Malina', 'Merry', 'Oba', 728, 21928, 'noimage.jpg', 'diam vitae quam suspendisse potenti nullam porttitor lacus at turpis donec posuere metus vitae ipsum aliquam non mauris', '구편절판', '2021-03-17 00:00:00', '2021-07-21 00:00:00'),
	(389, '244144807-2', '소설', 'Birdie', 'Eleanore', 'Jetwire', 109, 27213, 'noimage.jpg', 'ac tellus semper interdum mauris ullamcorper purus sit amet nulla quisque arcu libero rutrum ac', '구편절판', '2021-02-15 00:00:00', '2021-05-21 00:00:00'),
	(390, '218821278-9', '외국어', 'Josselyn', 'Bree', 'Divanoodle', 433, 18167, 'noimage.jpg', 'gravida sem praesent id massa id nisl venenatis lacinia aenean sit', '절판', '2021-06-22 00:00:00', '2021-03-28 00:00:00'),
	(391, '503639644-8', '여행', 'Daveen', 'Humfried', 'Livetube', 113, 28698, 'noimage.jpg', 'quis odio consequat varius integer ac leo pellentesque ultrices mattis odio donec', '구편절판', '2020-11-04 00:00:00', '2021-03-25 00:00:00'),
	(392, '052360114-X', '소설', 'Anabel', 'Janka', 'Bluejam', 154, 11335, 'noimage.jpg', 'dapibus nulla suscipit ligula in lacus curabitur at ipsum ac', '품절', '2021-02-17 00:00:00', '2021-03-15 00:00:00'),
	(393, '586022097-9', '여행', 'Morganica', 'Celestia', 'Oyoloo', 788, 29079, 'noimage.jpg', 'quisque arcu libero rutrum ac lobortis vel dapibus at diam nam tristique tortor', '절판', '2020-09-25 00:00:00', '2021-01-29 00:00:00'),
	(394, '543252080-X', '소설', 'Kamillah', 'Daisey', 'Flashspan', 992, 7900, 'noimage.jpg', 'blandit lacinia erat vestibulum sed magna at nunc commodo placerat praesent blandit nam nulla', '구편절판', '2020-10-30 00:00:00', '2021-09-19 00:00:00'),
	(395, '309379529-X', '잡지', 'Dietrich', 'Nathalia', 'Twitterbridge', 515, 13914, 'noimage.jpg', 'odio curabitur convallis duis consequat dui nec nisi volutpat eleifend', '품절', '2021-02-16 00:00:00', '2020-12-13 00:00:00'),
	(396, '158689621-0', '만화', 'Rosalie', 'Clareta', 'Yodoo', 360, 19059, 'noimage.jpg', 'lectus suspendisse potenti in eleifend quam a odio in hac habitasse', '구편절판', '2020-11-11 00:00:00', '2021-09-12 00:00:00'),
	(397, '085576736-7', '외국어', 'Natty', 'Allayne', 'Tekfly', 731, 17064, 'noimage.jpg', 'volutpat in congue etiam justo etiam pretium iaculis justo in hac habitasse platea dictumst etiam', '품절', '2020-11-02 00:00:00', '2021-03-19 00:00:00'),
	(398, '436207145-8', '만화', 'Shari', 'Jess', 'Tekfly', 783, 26348, 'noimage.jpg', 'sem fusce consequat nulla nisl nunc nisl duis bibendum felis sed interdum', '판매중', '2020-12-16 00:00:00', '2021-02-15 00:00:00'),
	(399, '190798193-4', '소설', 'Bennie', 'Wilhelm', 'Zazio', 852, 7106, 'noimage.jpg', 'cum sociis natoque penatibus et magnis dis parturient montes nascetur ridiculus mus vivamus vestibulum sagittis sapien cum sociis', '절판', '2021-08-06 00:00:00', '2020-12-05 00:00:00'),
	(400, '555385509-8', '만화', 'Janith', 'Bear', 'Thoughtsphere', 255, 24769, 'noimage.jpg', 'eget rutrum at lorem integer tincidunt ante vel ipsum praesent blandit lacinia erat vestibulum sed magna', '구편절판', '2021-02-11 00:00:00', '2020-12-18 00:00:00'),
	(401, '005533630-2', '경제', 'Sean', 'Susanetta', 'Flashset', 459, 29868, 'noimage.jpg', 'quisque erat eros viverra eget congue eget semper rutrum nulla nunc purus phasellus in felis donec semper', '품절', '2020-11-11 00:00:00', '2021-04-03 00:00:00'),
	(402, '450434536-6', '여행', 'Carroll', 'Myca', 'Flashpoint', 809, 5084, 'noimage.jpg', 'risus semper porta volutpat quam pede lobortis ligula sit amet eleifend pede libero quis orci nullam', '절판', '2020-11-02 00:00:00', '2021-05-25 00:00:00'),
	(403, '732102450-4', '여행', 'Rudolph', 'Edmund', 'Jatri', 624, 8686, 'noimage.jpg', 'ridiculus mus vivamus vestibulum sagittis sapien cum sociis natoque penatibus', '품절', '2021-08-04 00:00:00', '2020-12-08 00:00:00'),
	(404, '968183816-5', '경제', 'Kylen', 'Theadora', 'Voomm', 795, 11591, 'noimage.jpg', 'luctus rutrum nulla tellus in sagittis dui vel nisl duis ac nibh', '판매중', '2021-01-23 00:00:00', '2021-08-15 00:00:00'),
	(405, '283658240-5', '소설', 'Immanuel', 'Reiko', 'Janyx', 595, 21933, 'noimage.jpg', 'non mi integer ac neque duis bibendum morbi non quam nec dui luctus rutrum nulla tellus in', '품절', '2021-01-29 00:00:00', '2021-09-09 00:00:00'),
	(406, '828127625-8', '경제', 'Ranice', 'Arley', 'Devcast', 872, 17145, 'noimage.jpg', 'consectetuer eget rutrum at lorem integer tincidunt ante vel ipsum praesent blandit lacinia erat vestibulum sed', '판매중', '2021-02-16 00:00:00', '2021-02-17 00:00:00'),
	(407, '428134068-8', '외국어', 'Ray', 'Nyssa', 'Realfire', 975, 12654, 'noimage.jpg', 'duis consequat dui nec nisi volutpat eleifend donec ut dolor morbi vel lectus in quam', '구편절판', '2020-12-25 00:00:00', '2021-01-18 00:00:00'),
	(408, '728284401-1', '소설', 'Bern', 'Teresita', 'Zoombox', 466, 26010, 'noimage.jpg', 'eu felis fusce posuere felis sed lacus morbi sem mauris laoreet ut', '품절', '2021-07-30 00:00:00', '2021-06-03 00:00:00'),
	(409, '051137597-2', '여행', 'Gwyneth', 'Gerry', 'Yamia', 112, 18951, 'noimage.jpg', 'varius nulla facilisi cras non velit nec nisi vulputate nonummy maecenas tincidunt lacus at velit vivamus vel nulla', '구편절판', '2021-03-13 00:00:00', '2020-10-19 00:00:00'),
	(410, '658742072-9', '외국어', 'Hatti', 'Flynn', 'Camido', 173, 18437, 'noimage.jpg', 'luctus tincidunt nulla mollis molestie lorem quisque ut erat curabitur gravida nisi at nibh in hac habitasse', '품절', '2020-11-12 00:00:00', '2021-07-01 00:00:00'),
	(411, '542257884-8', '경제', 'Thea', 'Chrisse', 'Fivebridge', 767, 29116, 'noimage.jpg', 'ultrices posuere cubilia curae donec pharetra magna vestibulum aliquet ultrices erat tortor', '절판', '2020-12-11 00:00:00', '2021-07-20 00:00:00'),
	(412, '653038034-5', '잡지', 'Perla', 'Debora', 'Pixope', 940, 27211, 'noimage.jpg', 'rutrum rutrum neque aenean auctor gravida sem praesent id massa id nisl venenatis lacinia aenean sit amet', '절판', '2021-09-05 00:00:00', '2021-03-28 00:00:00'),
	(413, '307197140-0', '잡지', 'Brewster', 'Alameda', 'Realpoint', 885, 13619, 'noimage.jpg', 'vitae nisi nam ultrices libero non mattis pulvinar nulla pede ullamcorper augue', '절판', '2021-02-03 00:00:00', '2021-07-06 00:00:00'),
	(414, '273366653-3', '여행', 'Trixi', 'Mada', 'Realblab', 651, 23365, 'noimage.jpg', 'suspendisse potenti nullam porttitor lacus at turpis donec posuere metus vitae ipsum aliquam non mauris morbi non lectus', '구편절판', '2021-01-08 00:00:00', '2021-07-08 00:00:00'),
	(415, '131446642-9', '외국어', 'Tom', 'Mavra', 'Geba', 758, 10989, 'noimage.jpg', 'rhoncus sed vestibulum sit amet cursus id turpis integer aliquet massa id lobortis convallis tortor risus dapibus augue vel', '판매중', '2021-02-28 00:00:00', '2021-05-22 00:00:00'),
	(416, '939878435-1', '소설', 'Alejoa', 'Dorisa', 'Shufflebeat', 591, 7630, 'noimage.jpg', 'pellentesque eget nunc donec quis orci eget orci vehicula condimentum curabitur in libero ut', '절판', '2021-06-28 00:00:00', '2021-03-07 00:00:00'),
	(417, '459184958-9', '소설', 'Collete', 'Anthony', 'Topicstorm', 877, 21304, 'noimage.jpg', 'et ultrices posuere cubilia curae donec pharetra magna vestibulum aliquet ultrices', '구편절판', '2020-09-28 00:00:00', '2021-06-01 00:00:00'),
	(418, '731033398-5', '여행', 'Tadio', 'Georgie', 'Quamba', 851, 16786, 'noimage.jpg', 'sapien cum sociis natoque penatibus et magnis dis parturient montes nascetur ridiculus', '품절', '2021-07-03 00:00:00', '2020-12-23 00:00:00'),
	(419, '453764540-7', '외국어', 'Christabel', 'Prudi', 'Roodel', 583, 9269, 'noimage.jpg', 'a nibh in quis justo maecenas rhoncus aliquam lacus morbi quis tortor id nulla ultrices aliquet maecenas leo odio', '절판', '2020-10-05 00:00:00', '2020-10-26 00:00:00'),
	(420, '315899854-8', '잡지', 'Hildegaard', 'Feliks', 'Oyonder', 701, 16492, 'noimage.jpg', 'mus vivamus vestibulum sagittis sapien cum sociis natoque penatibus et magnis dis parturient montes nascetur ridiculus mus etiam vel', '구편절판', '2021-08-16 00:00:00', '2021-07-11 00:00:00'),
	(421, '558380432-7', '경제', 'Erminie', 'Ingrid', 'Quimm', 926, 24187, 'noimage.jpg', 'imperdiet sapien urna pretium nisl ut volutpat sapien arcu sed augue aliquam', '구편절판', '2020-10-17 00:00:00', '2021-02-04 00:00:00'),
	(422, '776492112-2', '여행', 'Fay', 'Jorge', 'Yakijo', 658, 10289, 'noimage.jpg', 'primis in faucibus orci luctus et ultrices posuere cubilia curae duis', '절판', '2020-10-05 00:00:00', '2021-02-04 00:00:00'),
	(423, '375627848-4', '경제', 'Abelard', 'Leia', 'Buzzshare', 286, 23793, 'noimage.jpg', 'varius integer ac leo pellentesque ultrices mattis odio donec vitae nisi nam ultrices libero non mattis pulvinar', '품절', '2020-12-21 00:00:00', '2020-12-24 00:00:00'),
	(424, '809407357-8', '외국어', 'Roxie', 'Lida', 'Wikivu', 493, 9828, 'noimage.jpg', 'tincidunt eget tempus vel pede morbi porttitor lorem id ligula', '품절', '2020-11-18 00:00:00', '2021-04-08 00:00:00'),
	(425, '112774571-9', '만화', 'Findley', 'Cullin', 'Buzzster', 48, 23463, 'noimage.jpg', 'integer tincidunt ante vel ipsum praesent blandit lacinia erat vestibulum', '품절', '2020-12-26 00:00:00', '2020-09-29 00:00:00'),
	(426, '774330142-7', '소설', 'Burk', 'Domenico', 'Cogibox', 404, 19190, 'noimage.jpg', 'risus semper porta volutpat quam pede lobortis ligula sit amet eleifend pede libero quis orci', '절판', '2021-01-29 00:00:00', '2021-04-26 00:00:00'),
	(427, '095561432-5', '경제', 'Nickie', 'Harmon', 'Agivu', 334, 19443, 'noimage.jpg', 'sit amet consectetuer adipiscing elit proin interdum mauris non ligula pellentesque ultrices phasellus id sapien in sapien iaculis congue', '절판', '2021-06-06 00:00:00', '2021-04-09 00:00:00'),
	(428, '483060434-4', '경제', 'Adelind', 'Johanna', 'Shufflebeat', 194, 8530, 'noimage.jpg', 'sed ante vivamus tortor duis mattis egestas metus aenean fermentum donec ut mauris eget massa tempor convallis nulla', '품절', '2020-12-22 00:00:00', '2021-07-11 00:00:00'),
	(429, '463590665-5', '만화', 'Malorie', 'Jsandye', 'Devcast', 898, 27995, 'noimage.jpg', 'pede libero quis orci nullam molestie nibh in lectus pellentesque at nulla suspendisse', '절판', '2021-08-24 00:00:00', '2021-03-03 00:00:00'),
	(430, '498486728-0', '외국어', 'Ilysa', 'Nathaniel', 'JumpXS', 441, 29086, 'noimage.jpg', 'id nisl venenatis lacinia aenean sit amet justo morbi ut odio cras mi pede malesuada', '품절', '2020-12-16 00:00:00', '2021-07-19 00:00:00'),
	(431, '047688367-9', '만화', 'Noak', 'Phebe', 'Camimbo', 658, 29296, 'noimage.jpg', 'tincidunt lacus at velit vivamus vel nulla eget eros elementum pellentesque quisque porta', '구편절판', '2020-11-29 00:00:00', '2020-10-05 00:00:00'),
	(432, '753838529-0', '외국어', 'Vittoria', 'Ronica', 'Cogidoo', 448, 11660, 'noimage.jpg', 'est lacinia nisi venenatis tristique fusce congue diam id ornare imperdiet sapien urna pretium nisl', '판매중', '2020-10-25 00:00:00', '2020-10-15 00:00:00'),
	(433, '360288164-4', '소설', 'Scotty', 'Engracia', 'Divanoodle', 813, 28268, 'noimage.jpg', 'diam in magna bibendum imperdiet nullam orci pede venenatis non sodales sed tincidunt eu felis fusce posuere', '절판', '2020-09-28 00:00:00', '2021-01-30 00:00:00'),
	(434, '489044349-5', '잡지', 'Ruth', 'Frederik', 'Linkbuzz', 566, 25533, 'noimage.jpg', 'id turpis integer aliquet massa id lobortis convallis tortor risus dapibus augue vel accumsan tellus nisi eu orci mauris lacinia', '절판', '2021-06-26 00:00:00', '2021-01-02 00:00:00'),
	(435, '431307886-X', '잡지', 'Vite', 'Aeriela', 'Lazz', 194, 17825, 'noimage.jpg', 'cursus vestibulum proin eu mi nulla ac enim in tempor turpis nec', '품절', '2021-06-21 00:00:00', '2020-12-19 00:00:00'),
	(436, '771860216-8', '만화', 'Hubey', 'Wilfred', 'Shuffletag', 470, 23176, 'noimage.jpg', 'congue eget semper rutrum nulla nunc purus phasellus in felis donec semper sapien a libero nam dui', '품절', '2021-09-12 00:00:00', '2020-10-08 00:00:00'),
	(437, '522019753-3', '잡지', 'Gail', 'Tiffi', 'Trilith', 250, 14538, 'noimage.jpg', 'ligula vehicula consequat morbi a ipsum integer a nibh in', '절판', '2021-06-24 00:00:00', '2021-08-27 00:00:00'),
	(438, '644676364-6', '외국어', 'Cameron', 'Christoper', 'Jaxworks', 269, 13782, 'noimage.jpg', 'molestie hendrerit at vulputate vitae nisl aenean lectus pellentesque eget nunc donec quis orci eget orci vehicula condimentum', '구편절판', '2020-09-28 00:00:00', '2021-04-28 00:00:00'),
	(439, '174344467-2', '여행', 'Auberta', 'Morie', 'Vimbo', 302, 12242, 'noimage.jpg', 'etiam faucibus cursus urna ut tellus nulla ut erat id mauris vulputate elementum', '절판', '2021-01-14 00:00:00', '2021-08-01 00:00:00'),
	(440, '590994418-5', '여행', 'Elvin', 'Igor', 'Vitz', 461, 15180, 'noimage.jpg', 'vulputate nonummy maecenas tincidunt lacus at velit vivamus vel nulla eget eros elementum pellentesque quisque porta volutpat erat', '구편절판', '2020-11-01 00:00:00', '2021-06-03 00:00:00'),
	(441, '090341031-1', '외국어', 'Jolene', 'Veronica', 'Roombo', 293, 24737, 'noimage.jpg', 'velit id pretium iaculis diam erat fermentum justo nec condimentum neque sapien placerat ante nulla justo aliquam', '절판', '2021-04-11 00:00:00', '2021-03-22 00:00:00'),
	(442, '247647345-6', '외국어', 'Garrick', 'Kliment', 'Yakitri', 907, 8728, 'noimage.jpg', 'ipsum primis in faucibus orci luctus et ultrices posuere cubilia curae nulla dapibus dolor vel est donec odio', '절판', '2021-04-05 00:00:00', '2020-09-30 00:00:00'),
	(443, '487787925-0', '만화', 'Bird', 'Madison', 'Quamba', 28, 25669, 'noimage.jpg', 'venenatis tristique fusce congue diam id ornare imperdiet sapien urna pretium nisl ut volutpat', '구편절판', '2021-08-28 00:00:00', '2021-07-26 00:00:00'),
	(444, '091311116-3', '여행', 'Robena', 'Monti', 'Babbleopia', 548, 13129, 'noimage.jpg', 'sagittis sapien cum sociis natoque penatibus et magnis dis parturient montes nascetur ridiculus mus etiam vel augue vestibulum rutrum rutrum', '판매중', '2020-09-24 00:00:00', '2021-09-06 00:00:00'),
	(445, '153284318-6', '여행', 'Nanni', 'Alexandra', 'Babbleblab', 798, 20435, 'noimage.jpg', 'cubilia curae donec pharetra magna vestibulum aliquet ultrices erat tortor sollicitudin mi sit', '판매중', '2021-03-01 00:00:00', '2021-08-14 00:00:00'),
	(446, '792013672-5', '외국어', 'Elliott', 'Jere', 'Thoughtstorm', 760, 19635, 'noimage.jpg', 'consequat metus sapien ut nunc vestibulum ante ipsum primis in faucibus orci luctus et ultrices posuere cubilia curae', '품절', '2021-06-09 00:00:00', '2021-09-13 00:00:00'),
	(447, '271776798-3', '외국어', 'Maegan', 'Ritchie', 'Photobug', 981, 10418, 'noimage.jpg', 'venenatis lacinia aenean sit amet justo morbi ut odio cras', '구편절판', '2021-07-28 00:00:00', '2021-07-15 00:00:00'),
	(448, '336876063-7', '여행', 'Andy', 'Violetta', 'Jamia', 906, 6478, 'noimage.jpg', 'orci eget orci vehicula condimentum curabitur in libero ut massa volutpat convallis morbi odio odio elementum eu', '구편절판', '2021-06-26 00:00:00', '2020-11-16 00:00:00'),
	(449, '040731655-8', '잡지', 'Milicent', 'Chase', 'Browsezoom', 851, 29750, 'noimage.jpg', 'diam cras pellentesque volutpat dui maecenas tristique est et tempus semper est quam pharetra', '구편절판', '2020-10-25 00:00:00', '2020-12-02 00:00:00'),
	(450, '239039665-8', '경제', 'Gannie', 'Renae', 'Fatz', 276, 24233, 'noimage.jpg', 'quis odio consequat varius integer ac leo pellentesque ultrices mattis odio', '구편절판', '2021-05-12 00:00:00', '2021-02-13 00:00:00'),
	(451, '029948436-X', '만화', 'Doroteya', 'Graehme', 'Skyndu', 40, 25435, 'noimage.jpg', 'eu nibh quisque id justo sit amet sapien dignissim vestibulum vestibulum ante ipsum', '판매중', '2021-07-13 00:00:00', '2020-11-09 00:00:00'),
	(452, '533807431-1', '경제', 'Bartram', 'Peria', 'Tazzy', 152, 20234, 'noimage.jpg', 'purus eu magna vulputate luctus cum sociis natoque penatibus et magnis dis parturient montes nascetur ridiculus mus vivamus', '절판', '2021-05-05 00:00:00', '2020-11-22 00:00:00'),
	(453, '466190011-1', '만화', 'Barney', 'Margarete', 'Zoomdog', 950, 20306, 'noimage.jpg', 'tortor duis mattis egestas metus aenean fermentum donec ut mauris eget massa tempor convallis nulla neque', '절판', '2021-03-28 00:00:00', '2021-07-27 00:00:00'),
	(454, '574011195-1', '경제', 'Franky', 'Garek', 'Chatterbridge', 865, 14088, 'noimage.jpg', 'habitasse platea dictumst maecenas ut massa quis augue luctus tincidunt nulla mollis molestie lorem quisque', '구편절판', '2021-04-05 00:00:00', '2020-11-25 00:00:00'),
	(455, '383055667-5', '여행', 'Kristal', 'Vasili', 'Flashdog', 701, 29655, 'noimage.jpg', 'dui luctus rutrum nulla tellus in sagittis dui vel nisl', '절판', '2021-07-16 00:00:00', '2020-10-30 00:00:00'),
	(456, '285186142-5', '여행', 'Shelli', 'Lucian', 'Centidel', 97, 9820, 'noimage.jpg', 'dolor sit amet consectetuer adipiscing elit proin risus praesent lectus vestibulum quam sapien varius ut blandit non interdum', '절판', '2021-05-28 00:00:00', '2021-04-23 00:00:00'),
	(457, '868679861-6', '잡지', 'Danell', 'Jamil', 'Twitterbridge', 13, 22781, 'noimage.jpg', 'varius integer ac leo pellentesque ultrices mattis odio donec vitae nisi nam ultrices libero non mattis pulvinar nulla pede', '품절', '2021-08-23 00:00:00', '2021-03-27 00:00:00'),
	(458, '335007940-7', '여행', 'Desiree', 'Guglielmo', 'Kazu', 509, 28893, 'noimage.jpg', 'sapien a libero nam dui proin leo odio porttitor id consequat in consequat ut nulla sed accumsan felis ut at', '구편절판', '2021-04-02 00:00:00', '2020-12-04 00:00:00'),
	(459, '129944902-6', '외국어', 'Terrill', 'Merry', 'Youbridge', 297, 10663, 'noimage.jpg', 'mi pede malesuada in imperdiet et commodo vulputate justo in blandit', '절판', '2021-03-01 00:00:00', '2021-01-24 00:00:00'),
	(460, '398312717-7', '경제', 'Trenna', 'Karney', 'Topdrive', 290, 28865, 'noimage.jpg', 'curabitur convallis duis consequat dui nec nisi volutpat eleifend donec', '절판', '2021-01-17 00:00:00', '2021-09-15 00:00:00'),
	(461, '156202209-1', '소설', 'Ludovico', 'Byrann', 'Lajo', 871, 20976, 'noimage.jpg', 'duis faucibus accumsan odio curabitur convallis duis consequat dui nec nisi volutpat eleifend donec ut dolor morbi vel lectus', '판매중', '2021-05-04 00:00:00', '2020-12-13 00:00:00'),
	(462, '616999637-4', '소설', 'Angelita', 'Shandee', 'Fanoodle', 866, 20941, 'noimage.jpg', 'interdum in ante vestibulum ante ipsum primis in faucibus orci luctus', '구편절판', '2021-09-11 00:00:00', '2020-10-15 00:00:00'),
	(463, '751522993-4', '외국어', 'Desirae', 'Boony', 'Linklinks', 969, 18304, 'noimage.jpg', 'curae mauris viverra diam vitae quam suspendisse potenti nullam porttitor lacus at', '구편절판', '2021-02-05 00:00:00', '2021-01-14 00:00:00'),
	(464, '073817153-0', '외국어', 'Dudley', 'Madonna', 'Yadel', 181, 10404, 'noimage.jpg', 'nunc vestibulum ante ipsum primis in faucibus orci luctus et ultrices posuere cubilia curae mauris', '절판', '2021-04-24 00:00:00', '2021-03-21 00:00:00'),
	(465, '813854432-5', '여행', 'Liesa', 'Dalis', 'Babbleset', 254, 20110, 'noimage.jpg', 'ut massa volutpat convallis morbi odio odio elementum eu interdum', '품절', '2021-05-13 00:00:00', '2021-07-26 00:00:00'),
	(466, '996856170-3', '외국어', 'Pat', 'Kimmie', 'Miboo', 623, 17586, 'noimage.jpg', 'vel enim sit amet nunc viverra dapibus nulla suscipit ligula in lacus curabitur', '품절', '2021-05-25 00:00:00', '2021-04-18 00:00:00'),
	(467, '101314195-4', '외국어', 'Arman', 'Benito', 'Flashdog', 530, 19137, 'noimage.jpg', 'mi in porttitor pede justo eu massa donec dapibus duis at velit eu est congue elementum in hac', '절판', '2021-01-27 00:00:00', '2020-10-01 00:00:00'),
	(468, '797561725-3', '소설', 'Serene', 'Care', 'Reallinks', 963, 22759, 'noimage.jpg', 'pretium nisl ut volutpat sapien arcu sed augue aliquam erat volutpat in congue etiam justo etiam pretium iaculis justo in', '판매중', '2021-06-09 00:00:00', '2021-06-28 00:00:00'),
	(469, '354016578-9', '잡지', 'Raquela', 'Orsa', 'Oloo', 181, 18218, 'noimage.jpg', 'erat nulla tempus vivamus in felis eu sapien cursus vestibulum proin eu mi nulla ac enim in tempor turpis', '판매중', '2021-08-13 00:00:00', '2021-06-03 00:00:00'),
	(470, '878928191-8', '경제', 'Quentin', 'Elvyn', 'Quimm', 228, 21391, 'noimage.jpg', 'leo odio condimentum id luctus nec molestie sed justo pellentesque viverra pede ac diam cras pellentesque', '절판', '2020-11-02 00:00:00', '2021-03-10 00:00:00'),
	(471, '482905223-6', '잡지', 'Friedrick', 'Meier', 'Vinte', 742, 13480, 'noimage.jpg', 'amet eleifend pede libero quis orci nullam molestie nibh in', '판매중', '2021-05-14 00:00:00', '2020-12-07 00:00:00'),
	(472, '868892891-6', '잡지', 'Clarine', 'Rahal', 'Browsebug', 638, 16515, 'noimage.jpg', 'eget massa tempor convallis nulla neque libero convallis eget eleifend luctus ultricies eu', '판매중', '2021-01-30 00:00:00', '2021-08-11 00:00:00'),
	(473, '974236429-X', '만화', 'Vivyanne', 'Annmarie', 'Devshare', 84, 9113, 'noimage.jpg', 'sapien varius ut blandit non interdum in ante vestibulum ante ipsum primis in faucibus orci luctus et ultrices posuere cubilia', '판매중', '2021-08-05 00:00:00', '2020-12-31 00:00:00'),
	(474, '636436512-4', '소설', 'Clemente', 'Paulie', 'Zoomdog', 53, 12283, 'noimage.jpg', 'nulla tellus in sagittis dui vel nisl duis ac nibh', '품절', '2021-05-12 00:00:00', '2021-02-10 00:00:00'),
	(475, '741986081-5', '경제', 'Phillipp', 'Tory', 'Skivee', 582, 28166, 'noimage.jpg', 'iaculis diam erat fermentum justo nec condimentum neque sapien placerat ante nulla justo aliquam quis turpis', '절판', '2021-07-03 00:00:00', '2021-08-23 00:00:00'),
	(476, '119437312-7', '여행', 'Arlee', 'Algernon', 'Katz', 449, 6412, 'noimage.jpg', 'consequat dui nec nisi volutpat eleifend donec ut dolor morbi vel lectus in quam fringilla', '절판', '2021-07-16 00:00:00', '2020-09-26 00:00:00'),
	(477, '257955865-9', '만화', 'Trudi', 'Elvin', 'Fivebridge', 385, 10314, 'noimage.jpg', 'in tempus sit amet sem fusce consequat nulla nisl nunc', '구편절판', '2020-09-25 00:00:00', '2021-06-08 00:00:00'),
	(478, '001557853-4', '여행', 'Averyl', 'Carmelita', 'Yata', 938, 17522, 'noimage.jpg', 'eu mi nulla ac enim in tempor turpis nec euismod scelerisque quam', '품절', '2021-06-08 00:00:00', '2021-04-05 00:00:00'),
	(479, '965758515-5', '여행', 'Issy', 'Elva', 'Oba', 753, 23815, 'noimage.jpg', 'nulla tellus in sagittis dui vel nisl duis ac nibh', '품절', '2021-08-19 00:00:00', '2021-06-20 00:00:00'),
	(480, '978897830-4', '소설', 'Bryce', 'Pippa', 'Mudo', 78, 5823, 'noimage.jpg', 'integer pede justo lacinia eget tincidunt eget tempus vel pede morbi porttitor lorem', '절판', '2021-04-21 00:00:00', '2021-06-20 00:00:00'),
	(481, '535949538-3', '여행', 'Farr', 'Wallas', 'Feedfire', 782, 12748, 'noimage.jpg', 'tempor convallis nulla neque libero convallis eget eleifend luctus ultricies eu nibh quisque id justo', '품절', '2020-09-26 00:00:00', '2020-10-13 00:00:00'),
	(482, '756248539-9', '경제', 'Theda', 'Sigismond', 'Skajo', 348, 28967, 'noimage.jpg', 'orci luctus et ultrices posuere cubilia curae donec pharetra magna vestibulum aliquet ultrices erat tortor sollicitudin mi', '절판', '2021-04-25 00:00:00', '2021-03-25 00:00:00'),
	(483, '706830418-4', '여행', 'Reine', 'Fifi', 'Skajo', 103, 9592, 'noimage.jpg', 'vestibulum quam sapien varius ut blandit non interdum in ante vestibulum ante ipsum primis', '품절', '2021-01-11 00:00:00', '2021-09-10 00:00:00'),
	(484, '047012045-2', '만화', 'Thaddeus', 'Brent', 'Photobug', 50, 16100, 'noimage.jpg', 'et commodo vulputate justo in blandit ultrices enim lorem ipsum dolor sit amet consectetuer adipiscing', '품절', '2021-02-02 00:00:00', '2021-04-06 00:00:00'),
	(485, '532921282-0', '잡지', 'Joan', 'Helenka', 'Zooveo', 96, 16866, 'noimage.jpg', 'magnis dis parturient montes nascetur ridiculus mus etiam vel augue', '판매중', '2021-07-03 00:00:00', '2020-12-28 00:00:00'),
	(486, '756671623-9', '잡지', 'Allsun', 'Alic', 'Gigazoom', 209, 29694, 'noimage.jpg', 'tempus vivamus in felis eu sapien cursus vestibulum proin eu mi nulla ac enim in tempor turpis nec euismod scelerisque', '판매중', '2021-06-25 00:00:00', '2020-11-18 00:00:00'),
	(487, '793697144-0', '만화', 'Albina', 'Elayne', 'Riffwire', 31, 29163, 'noimage.jpg', 'hac habitasse platea dictumst aliquam augue quam sollicitudin vitae consectetuer eget rutrum at lorem integer tincidunt ante vel ipsum praesent', '구편절판', '2021-04-06 00:00:00', '2021-03-20 00:00:00'),
	(488, '320454475-3', '잡지', 'Loni', 'Janenna', 'Mybuzz', 447, 29242, 'noimage.jpg', 'condimentum id luctus nec molestie sed justo pellentesque viverra pede ac diam cras', '품절', '2021-05-02 00:00:00', '2021-02-03 00:00:00'),
	(489, '732429546-0', '여행', 'Jackelyn', 'Wanids', 'Blogspan', 544, 20705, 'noimage.jpg', 'ultrices enim lorem ipsum dolor sit amet consectetuer adipiscing elit proin interdum mauris non ligula pellentesque ultrices phasellus id', '품절', '2020-12-22 00:00:00', '2021-01-19 00:00:00'),
	(490, '920062839-7', '경제', 'Luz', 'Rachele', 'Ainyx', 331, 19313, 'noimage.jpg', 'lectus pellentesque at nulla suspendisse potenti cras in purus eu', '판매중', '2021-06-19 00:00:00', '2021-07-08 00:00:00'),
	(491, '599842401-8', '잡지', 'Maggy', 'Monah', 'Realcube', 897, 24673, 'noimage.jpg', 'dui maecenas tristique est et tempus semper est quam pharetra magna ac consequat metus sapien ut nunc', '절판', '2021-06-27 00:00:00', '2021-05-06 00:00:00'),
	(492, '191063249-X', '만화', 'Nady', 'Lissie', 'Eabox', 206, 28220, 'noimage.jpg', 'in consequat ut nulla sed accumsan felis ut at dolor quis odio consequat', '품절', '2021-01-28 00:00:00', '2020-12-03 00:00:00'),
	(493, '289631125-4', '경제', 'Dwight', 'Wilmar', 'Jatri', 162, 20625, 'noimage.jpg', 'in faucibus orci luctus et ultrices posuere cubilia curae duis faucibus', '절판', '2021-02-16 00:00:00', '2021-07-02 00:00:00'),
	(494, '164674023-8', '잡지', 'Dalton', 'Ofella', 'Blogtags', 89, 23599, 'noimage.jpg', 'volutpat quam pede lobortis ligula sit amet eleifend pede libero quis orci nullam', '판매중', '2021-01-07 00:00:00', '2021-04-02 00:00:00'),
	(495, '036499087-2', '만화', 'Wallis', 'Blair', 'Gabtype', 732, 28478, 'noimage.jpg', 'morbi non lectus aliquam sit amet diam in magna bibendum imperdiet nullam orci pede', '판매중', '2021-09-16 00:00:00', '2021-09-18 00:00:00'),
	(496, '694300911-7', '소설', 'Anatol', 'Madel', 'BlogXS', 599, 13807, 'noimage.jpg', 'lectus suspendisse potenti in eleifend quam a odio in hac habitasse platea dictumst maecenas ut', '판매중', '2021-07-07 00:00:00', '2021-02-13 00:00:00'),
	(497, '931720789-8', '만화', 'Joana', 'Danyette', 'Podcat', 527, 12762, 'noimage.jpg', 'augue a suscipit nulla elit ac nulla sed vel enim sit amet nunc viverra dapibus nulla suscipit ligula in', '구편절판', '2021-01-19 00:00:00', '2021-08-16 00:00:00'),
	(498, '821225350-3', '외국어', 'Sayres', 'Nicol', 'Oyonder', 698, 15060, 'noimage.jpg', 'primis in faucibus orci luctus et ultrices posuere cubilia curae nulla dapibus dolor vel est donec odio justo sollicitudin', '판매중', '2020-11-22 00:00:00', '2021-02-13 00:00:00'),
	(499, '706173802-2', '경제', 'Elsi', 'York', 'Jaxbean', 883, 27632, 'noimage.jpg', 'sit amet diam in magna bibendum imperdiet nullam orci pede venenatis non sodales sed tincidunt eu felis fusce posuere felis', '절판', '2021-06-01 00:00:00', '2021-05-14 00:00:00'),
	(500, '721603217-9', '만화', 'Christy', 'Bartholomew', 'Babbleset', 880, 12496, 'noimage.jpg', 'pellentesque at nulla suspendisse potenti cras in purus eu magna vulputate luctus cum sociis natoque penatibus et', '절판', '2021-07-01 00:00:00', '2021-02-16 00:00:00'),
	(501, '684845512-1', '여행', 'Bernice', 'Lizette', 'Zoomdog', 518, 25183, 'noimage.jpg', 'a pede posuere nonummy integer non velit donec diam neque vestibulum eget vulputate ut ultrices vel augue vestibulum ante ipsum', '절판', '2021-07-21 00:00:00', '2021-05-26 00:00:00'),
	(502, '475931288-9', '여행', 'Sydelle', 'Reilly', 'Jetwire', 530, 28659, 'noimage.jpg', 'sed vestibulum sit amet cursus id turpis integer aliquet massa id lobortis convallis tortor risus dapibus augue vel accumsan tellus', '구편절판', '2020-09-24 00:00:00', '2021-02-15 00:00:00'),
	(503, '912947895-2', '잡지', 'Lydie', 'Missie', 'Riffpedia', 833, 7692, 'noimage.jpg', 'duis aliquam convallis nunc proin at turpis a pede posuere nonummy integer', '절판', '2021-04-28 00:00:00', '2021-04-01 00:00:00'),
	(504, '538692552-0', '경제', 'Kirsti', 'Heloise', 'Vinder', 695, 23709, 'noimage.jpg', 'purus eu magna vulputate luctus cum sociis natoque penatibus et magnis dis parturient', '구편절판', '2021-05-09 00:00:00', '2021-01-31 00:00:00'),
	(505, '679198950-5', '여행', 'Chauncey', 'Ermengarde', 'Gabtype', 118, 23138, 'noimage.jpg', 'nisl aenean lectus pellentesque eget nunc donec quis orci eget orci vehicula condimentum curabitur', '절판', '2021-08-08 00:00:00', '2021-02-14 00:00:00'),
	(506, '223820543-8', '경제', 'Goldina', 'Alick', 'Devify', 298, 11912, 'noimage.jpg', 'diam in magna bibendum imperdiet nullam orci pede venenatis non sodales sed tincidunt eu felis fusce posuere felis', '품절', '2021-05-02 00:00:00', '2021-09-04 00:00:00'),
	(507, '762628832-7', '외국어', 'Hyacinthe', 'Roscoe', 'Kwinu', 949, 12595, 'noimage.jpg', 'non velit donec diam neque vestibulum eget vulputate ut ultrices', '판매중', '2020-10-06 00:00:00', '2021-04-03 00:00:00'),
	(508, '470727863-9', '경제', 'Alfonse', 'Nollie', 'Youopia', 231, 12463, 'noimage.jpg', 'dis parturient montes nascetur ridiculus mus vivamus vestibulum sagittis sapien cum sociis natoque', '품절', '2021-04-16 00:00:00', '2020-11-05 00:00:00'),
	(509, '910874194-8', '경제', 'Glenden', 'Libbey', 'Devbug', 920, 16518, 'noimage.jpg', 'iaculis justo in hac habitasse platea dictumst etiam faucibus cursus urna ut tellus nulla ut erat', '품절', '2021-04-21 00:00:00', '2021-03-12 00:00:00'),
	(510, '042940821-8', '소설', 'Modestia', 'Arri', 'Voolia', 437, 5500, 'noimage.jpg', 'ipsum primis in faucibus orci luctus et ultrices posuere cubilia curae duis faucibus accumsan odio curabitur convallis', '품절', '2021-05-23 00:00:00', '2021-05-27 00:00:00'),
	(511, '967441290-5', '잡지', 'Lawry', 'Clarice', 'Oyondu', 300, 29153, 'noimage.jpg', 'proin risus praesent lectus vestibulum quam sapien varius ut blandit non interdum', '판매중', '2021-01-25 00:00:00', '2021-08-08 00:00:00'),
	(512, '827461708-8', '외국어', 'Daphene', 'Walther', 'Oozz', 958, 21482, 'noimage.jpg', 'lectus in est risus auctor sed tristique in tempus sit amet sem fusce consequat nulla nisl', '절판', '2020-09-28 00:00:00', '2021-01-01 00:00:00'),
	(513, '664717537-7', '잡지', 'Emalia', 'Suzy', 'Mybuzz', 221, 8110, 'noimage.jpg', 'orci mauris lacinia sapien quis libero nullam sit amet turpis', '품절', '2021-09-20 00:00:00', '2021-03-14 00:00:00'),
	(514, '451627996-7', '잡지', 'Cedric', 'Ericha', 'Devbug', 730, 18962, 'noimage.jpg', 'eget eros elementum pellentesque quisque porta volutpat erat quisque erat eros viverra eget congue eget semper', '품절', '2021-04-29 00:00:00', '2021-07-26 00:00:00'),
	(515, '264992260-5', '여행', 'Franky', 'Kaylil', 'Fatz', 222, 14645, 'noimage.jpg', 'donec vitae nisi nam ultrices libero non mattis pulvinar nulla pede ullamcorper augue a suscipit nulla elit ac nulla sed', '구편절판', '2021-06-12 00:00:00', '2021-05-09 00:00:00'),
	(516, '670605532-8', '잡지', 'Holly', 'Carly', 'Yacero', 303, 24554, 'noimage.jpg', 'lectus suspendisse potenti in eleifend quam a odio in hac', '구편절판', '2021-07-05 00:00:00', '2021-09-07 00:00:00'),
	(517, '095072358-4', '만화', 'Carlye', 'Nedda', 'Zoomdog', 983, 28126, 'noimage.jpg', 'montes nascetur ridiculus mus etiam vel augue vestibulum rutrum rutrum neque aenean auctor gravida sem praesent id', '품절', '2021-02-22 00:00:00', '2020-10-17 00:00:00'),
	(518, '237343049-5', '경제', 'Sherm', 'Joana', 'Brainlounge', 188, 16183, 'noimage.jpg', 'sit amet consectetuer adipiscing elit proin risus praesent lectus vestibulum quam sapien varius ut blandit non interdum in ante vestibulum', '절판', '2021-04-25 00:00:00', '2021-05-26 00:00:00'),
	(519, '523159599-3', '여행', 'Randi', 'Fred', 'Topicware', 236, 14168, 'noimage.jpg', 'laoreet ut rhoncus aliquet pulvinar sed nisl nunc rhoncus dui vel sem sed sagittis nam congue', '판매중', '2020-12-17 00:00:00', '2021-08-13 00:00:00'),
	(520, '722848853-9', '경제', 'Krystalle', 'Finn', 'Eimbee', 163, 13142, 'noimage.jpg', 'odio consequat varius integer ac leo pellentesque ultrices mattis odio donec vitae nisi nam ultrices libero non mattis', '구편절판', '2021-08-24 00:00:00', '2021-01-27 00:00:00'),
	(521, '487353149-7', '소설', 'Aurel', 'Renata', 'Cogilith', 540, 9407, 'noimage.jpg', 'in est risus auctor sed tristique in tempus sit amet sem fusce consequat nulla nisl nunc', '구편절판', '2021-09-12 00:00:00', '2021-08-02 00:00:00'),
	(522, '234178453-4', '여행', 'Yurik', 'Tabbie', 'Mymm', 359, 8426, 'noimage.jpg', 'proin interdum mauris non ligula pellentesque ultrices phasellus id sapien in sapien', '절판', '2021-06-28 00:00:00', '2021-07-02 00:00:00'),
	(523, '156342065-1', '여행', 'Ricard', 'Monty', 'Jetpulse', 35, 29722, 'noimage.jpg', 'eleifend donec ut dolor morbi vel lectus in quam fringilla rhoncus mauris', '절판', '2021-04-27 00:00:00', '2021-01-12 00:00:00'),
	(524, '436022703-5', '여행', 'Burke', 'Giffer', 'Skyvu', 223, 5963, 'noimage.jpg', 'eget semper rutrum nulla nunc purus phasellus in felis donec semper sapien a libero nam', '절판', '2021-08-01 00:00:00', '2021-02-03 00:00:00'),
	(525, '566795477-X', '외국어', 'Asia', 'Barnie', 'Voonix', 225, 20023, 'noimage.jpg', 'morbi sem mauris laoreet ut rhoncus aliquet pulvinar sed nisl nunc rhoncus dui vel', '판매중', '2021-01-12 00:00:00', '2021-02-11 00:00:00'),
	(526, '623078658-3', '외국어', 'Zitella', 'Alicia', 'Trudoo', 311, 9474, 'noimage.jpg', 'tempor turpis nec euismod scelerisque quam turpis adipiscing lorem vitae mattis nibh ligula nec', '절판', '2020-09-24 00:00:00', '2020-12-20 00:00:00'),
	(527, '950105251-6', '소설', 'Court', 'Tibold', 'Dazzlesphere', 893, 16838, 'noimage.jpg', 'blandit lacinia erat vestibulum sed magna at nunc commodo placerat praesent blandit nam', '구편절판', '2021-07-05 00:00:00', '2021-09-04 00:00:00'),
	(528, '337630691-5', '경제', 'Drucy', 'Shaylyn', 'Youbridge', 344, 23235, 'noimage.jpg', 'elit ac nulla sed vel enim sit amet nunc viverra dapibus nulla suscipit ligula in', '품절', '2021-01-01 00:00:00', '2020-12-13 00:00:00'),
	(529, '378302247-9', '잡지', 'Patric', 'Shela', 'Cogibox', 738, 7237, 'noimage.jpg', 'nulla mollis molestie lorem quisque ut erat curabitur gravida nisi at nibh in hac habitasse platea', '품절', '2021-06-11 00:00:00', '2021-05-29 00:00:00'),
	(530, '527335838-8', '여행', 'Windham', 'Liesa', 'Twitterbeat', 709, 5902, 'noimage.jpg', 'sapien iaculis congue vivamus metus arcu adipiscing molestie hendrerit at vulputate vitae nisl aenean lectus pellentesque eget', '판매중', '2020-11-23 00:00:00', '2020-10-24 00:00:00'),
	(531, '888211683-2', '소설', 'Nicoli', 'Dorita', 'Yamia', 778, 26093, 'noimage.jpg', 'proin eu mi nulla ac enim in tempor turpis nec euismod scelerisque quam turpis adipiscing lorem vitae mattis nibh', '절판', '2020-11-14 00:00:00', '2021-07-26 00:00:00'),
	(532, '321443548-5', '경제', 'Aime', 'Shannon', 'Fiveclub', 445, 17276, 'noimage.jpg', 'sem fusce consequat nulla nisl nunc nisl duis bibendum felis sed interdum venenatis turpis enim blandit mi', '판매중', '2021-08-02 00:00:00', '2021-07-08 00:00:00'),
	(533, '744477378-5', '소설', 'Kayle', 'Chris', 'Thoughtstorm', 342, 17944, 'noimage.jpg', 'ornare imperdiet sapien urna pretium nisl ut volutpat sapien arcu sed augue aliquam', '절판', '2021-01-13 00:00:00', '2021-04-28 00:00:00'),
	(534, '169452378-0', '소설', 'Mina', 'Reinwald', 'Skalith', 37, 20685, 'noimage.jpg', 'luctus et ultrices posuere cubilia curae duis faucibus accumsan odio curabitur', '구편절판', '2021-02-22 00:00:00', '2021-03-23 00:00:00'),
	(535, '913045120-5', '잡지', 'Javier', 'Normand', 'Riffpedia', 208, 11191, 'noimage.jpg', 'convallis eget eleifend luctus ultricies eu nibh quisque id justo sit', '구편절판', '2021-07-05 00:00:00', '2021-02-22 00:00:00'),
	(536, '986289832-1', '소설', 'Blondy', 'Conrade', 'Avamba', 475, 20624, 'noimage.jpg', 'ligula sit amet eleifend pede libero quis orci nullam molestie nibh in lectus pellentesque at nulla suspendisse', '절판', '2021-04-02 00:00:00', '2021-02-20 00:00:00'),
	(537, '262624094-X', '여행', 'Gerrie', 'Lou', 'Centizu', 317, 15123, 'noimage.jpg', 'pede malesuada in imperdiet et commodo vulputate justo in blandit', '품절', '2020-12-24 00:00:00', '2020-11-19 00:00:00'),
	(538, '276474330-0', '잡지', 'Euphemia', 'Brod', 'Oodoo', 825, 22124, 'noimage.jpg', 'hendrerit at vulputate vitae nisl aenean lectus pellentesque eget nunc donec quis orci eget', '구편절판', '2020-11-13 00:00:00', '2021-05-13 00:00:00'),
	(539, '718443471-4', '잡지', 'Harbert', 'Melisse', 'Twitterlist', 880, 10458, 'noimage.jpg', 'neque aenean auctor gravida sem praesent id massa id nisl venenatis lacinia aenean', '판매중', '2021-04-06 00:00:00', '2021-04-27 00:00:00'),
	(540, '874403967-0', '잡지', 'Michal', 'Rubina', 'Photojam', 582, 17598, 'noimage.jpg', 'nisl nunc rhoncus dui vel sem sed sagittis nam congue risus semper porta volutpat quam pede lobortis', '구편절판', '2021-01-01 00:00:00', '2021-05-06 00:00:00'),
	(541, '722479932-7', '만화', 'Dominique', 'Nita', 'Skynoodle', 16, 17833, 'noimage.jpg', 'diam cras pellentesque volutpat dui maecenas tristique est et tempus semper est quam pharetra magna ac', '절판', '2021-07-17 00:00:00', '2021-01-28 00:00:00'),
	(542, '818945180-4', '만화', 'Almeta', 'Noreen', 'Teklist', 479, 28649, 'noimage.jpg', 'quam fringilla rhoncus mauris enim leo rhoncus sed vestibulum sit amet cursus id turpis integer aliquet massa', '판매중', '2020-12-03 00:00:00', '2020-12-30 00:00:00'),
	(543, '528462442-4', '경제', 'Bennie', 'Marnie', 'Oyoloo', 559, 19640, 'noimage.jpg', 'varius nulla facilisi cras non velit nec nisi vulputate nonummy maecenas tincidunt lacus at', '판매중', '2021-04-20 00:00:00', '2020-11-06 00:00:00'),
	(544, '730666349-6', '경제', 'Pris', 'Suki', 'Edgeblab', 295, 10842, 'noimage.jpg', 'pretium iaculis justo in hac habitasse platea dictumst etiam faucibus', '구편절판', '2021-08-01 00:00:00', '2021-06-08 00:00:00'),
	(545, '795599671-2', '소설', 'Lonni', 'Danit', 'Kayveo', 397, 25837, 'noimage.jpg', 'pede venenatis non sodales sed tincidunt eu felis fusce posuere felis', '품절', '2021-05-24 00:00:00', '2021-03-17 00:00:00'),
	(546, '785457331-X', '잡지', 'Leupold', 'Corinne', 'Fivechat', 345, 22989, 'noimage.jpg', 'orci luctus et ultrices posuere cubilia curae mauris viverra diam vitae', '구편절판', '2020-12-10 00:00:00', '2021-09-02 00:00:00'),
	(547, '849972482-5', '여행', 'Leonore', 'Korella', 'Roomm', 495, 17475, 'noimage.jpg', 'luctus tincidunt nulla mollis molestie lorem quisque ut erat curabitur gravida nisi at nibh in hac', '구편절판', '2020-12-08 00:00:00', '2020-11-08 00:00:00'),
	(548, '178224615-0', '여행', 'Clovis', 'Egbert', 'Quimba', 690, 29327, 'noimage.jpg', 'platea dictumst aliquam augue quam sollicitudin vitae consectetuer eget rutrum at lorem integer tincidunt ante vel ipsum', '판매중', '2021-01-25 00:00:00', '2020-11-17 00:00:00'),
	(549, '950656350-0', '외국어', 'Balduin', 'Lauryn', 'Zava', 696, 18575, 'noimage.jpg', 'posuere felis sed lacus morbi sem mauris laoreet ut rhoncus', '절판', '2020-10-18 00:00:00', '2020-12-09 00:00:00'),
	(550, '931125666-8', '경제', 'Valaria', 'Ulric', 'Katz', 886, 14903, 'noimage.jpg', 'in ante vestibulum ante ipsum primis in faucibus orci luctus et ultrices posuere cubilia curae duis faucibus accumsan odio curabitur', '품절', '2020-10-10 00:00:00', '2021-08-06 00:00:00'),
	(551, '335679120-6', '소설', 'Wallis', 'Jodie', 'Zoomdog', 717, 20607, 'noimage.jpg', 'ligula sit amet eleifend pede libero quis orci nullam molestie nibh in lectus pellentesque at', '판매중', '2020-10-13 00:00:00', '2021-09-07 00:00:00'),
	(552, '820877058-2', '외국어', 'Cherrita', 'Andrus', 'Feedfish', 654, 14106, 'noimage.jpg', 'tellus nisi eu orci mauris lacinia sapien quis libero nullam sit amet turpis', '판매중', '2021-06-13 00:00:00', '2020-12-12 00:00:00'),
	(553, '482555975-1', '만화', 'Bink', 'Natty', 'Feedbug', 541, 17361, 'noimage.jpg', 'ut tellus nulla ut erat id mauris vulputate elementum nullam varius nulla facilisi cras non', '판매중', '2021-08-31 00:00:00', '2021-05-04 00:00:00'),
	(554, '754828729-1', '여행', 'Christoforo', 'Joyous', 'Dabshots', 117, 21993, 'noimage.jpg', 'nulla ultrices aliquet maecenas leo odio condimentum id luctus nec molestie sed justo pellentesque viverra pede ac diam', '판매중', '2020-11-07 00:00:00', '2021-08-05 00:00:00'),
	(555, '826369721-2', '외국어', 'Moll', 'Foster', 'Gevee', 94, 27681, 'noimage.jpg', 'pellentesque volutpat dui maecenas tristique est et tempus semper est quam pharetra magna ac consequat', '품절', '2020-11-27 00:00:00', '2020-12-04 00:00:00'),
	(556, '142506814-6', '외국어', 'Lynette', 'Jeremias', 'Thoughtworks', 195, 8623, 'noimage.jpg', 'nulla facilisi cras non velit nec nisi vulputate nonummy maecenas tincidunt lacus at velit vivamus vel nulla eget eros', '절판', '2021-06-11 00:00:00', '2020-10-30 00:00:00'),
	(557, '002169255-6', '잡지', 'Ondrea', 'Cristina', 'Ntags', 768, 18808, 'noimage.jpg', 'sapien dignissim vestibulum vestibulum ante ipsum primis in faucibus orci luctus et', '판매중', '2020-12-08 00:00:00', '2021-02-18 00:00:00'),
	(558, '969190896-4', '외국어', 'Flore', 'Wadsworth', 'Feedbug', 548, 5689, 'noimage.jpg', 'consequat varius integer ac leo pellentesque ultrices mattis odio donec vitae nisi nam ultrices libero non mattis pulvinar', '판매중', '2021-08-25 00:00:00', '2021-09-02 00:00:00'),
	(559, '365545367-1', '경제', 'Lina', 'Raffaello', 'Kaymbo', 816, 15301, 'noimage.jpg', 'sem fusce consequat nulla nisl nunc nisl duis bibendum felis sed interdum', '품절', '2021-07-21 00:00:00', '2021-01-30 00:00:00'),
	(560, '568441543-1', '외국어', 'Finn', 'Kennedy', 'Oyope', 239, 18711, 'noimage.jpg', 'cum sociis natoque penatibus et magnis dis parturient montes nascetur ridiculus mus vivamus vestibulum sagittis sapien cum', '판매중', '2020-09-25 00:00:00', '2021-02-15 00:00:00'),
	(561, '113127160-2', '만화', 'Felicdad', 'Donnajean', 'Fanoodle', 101, 10686, 'noimage.jpg', 'in consequat ut nulla sed accumsan felis ut at dolor quis', '품절', '2021-08-26 00:00:00', '2021-07-26 00:00:00'),
	(562, '287480294-8', '잡지', 'Lani', 'Yorgo', 'Realbuzz', 850, 15317, 'noimage.jpg', 'pharetra magna vestibulum aliquet ultrices erat tortor sollicitudin mi sit amet lobortis sapien sapien', '품절', '2021-01-13 00:00:00', '2021-07-17 00:00:00'),
	(563, '918528799-7', '잡지', 'Madel', 'Gerardo', 'Realcube', 285, 29384, 'noimage.jpg', 'mattis nibh ligula nec sem duis aliquam convallis nunc proin at turpis a pede posuere nonummy integer non velit donec', '판매중', '2020-12-19 00:00:00', '2021-08-27 00:00:00'),
	(564, '909652708-9', '외국어', 'Hobie', 'Marcelo', 'Meembee', 84, 20076, 'noimage.jpg', 'pellentesque ultrices phasellus id sapien in sapien iaculis congue vivamus metus', '구편절판', '2021-01-16 00:00:00', '2020-12-18 00:00:00'),
	(565, '928916358-5', '만화', 'Morton', 'Guillemette', 'Trunyx', 78, 12237, 'noimage.jpg', 'aliquet ultrices erat tortor sollicitudin mi sit amet lobortis sapien sapien non mi integer ac neque duis', '품절', '2021-01-13 00:00:00', '2020-11-11 00:00:00'),
	(566, '578911538-1', '소설', 'Scarlet', 'Ardis', 'Aivee', 763, 25000, 'bonobono.jpg', 'ante nulla justo aliquam quis turpis eget elit sodales scelerisque mauris sit amet', '품절', '2021-09-22 00:00:00', '2021-10-05 17:53:47'),
	(567, '611010585-6', '소설', 'Larissa', 'Yovonnda', 'Twitternation', 69, 29785, 'noimage.jpg', 'convallis eget eleifend luctus ultricies eu nibh quisque id justo sit amet', '품절', '2021-04-18 00:00:00', '2020-12-10 00:00:00'),
	(568, '762579308-7', '만화', 'Colline', 'Pall', 'Edgetag', 421, 24476, 'noimage.jpg', 'lorem ipsum dolor sit amet consectetuer adipiscing elit proin risus', '판매중', '2021-07-01 00:00:00', '2020-12-12 00:00:00'),
	(569, '304354141-3', '소설', 'Millard', 'Annalise', 'Gigaclub', 6, 10618, 'noimage.jpg', 'vulputate nonummy maecenas tincidunt lacus at velit vivamus vel nulla eget eros elementum pellentesque', '품절', '2021-02-24 00:00:00', '2021-03-09 00:00:00'),
	(570, '970303247-8', '여행', 'Lisabeth', 'Gregorio', 'Jaxnation', 83, 6262, 'noimage.jpg', 'consectetuer adipiscing elit proin risus praesent lectus vestibulum quam sapien varius ut blandit', '판매중', '2021-01-13 00:00:00', '2020-10-16 00:00:00'),
	(571, '874458998-0', '잡지', 'Brade', 'Shem', 'Aimbu', 669, 24264, 'noimage.jpg', 'mollis molestie lorem quisque ut erat curabitur gravida nisi at nibh in hac habitasse platea dictumst aliquam augue quam', '구편절판', '2020-09-23 00:00:00', '2021-07-10 00:00:00'),
	(572, '808673569-9', '경제', 'Daveen', 'Vivyan', 'Avamba', 903, 24615, 'noimage.jpg', 'sapien ut nunc vestibulum ante ipsum primis in faucibus orci', '절판', '2020-11-14 00:00:00', '2020-10-22 00:00:00'),
	(573, '179170949-4', '경제', 'Sophia', 'Gerta', 'Skippad', 553, 20297, 'noimage.jpg', 'dapibus dolor vel est donec odio justo sollicitudin ut suscipit a feugiat et eros vestibulum', '품절', '2020-10-29 00:00:00', '2021-06-22 00:00:00'),
	(574, '377196708-2', '소설', 'Daile', 'Estrellita', 'Eabox', 777, 15592, 'noimage.jpg', 'ligula suspendisse ornare consequat lectus in est risus auctor sed tristique in tempus', '품절', '2021-01-29 00:00:00', '2021-05-09 00:00:00'),
	(575, '429936193-8', '여행', 'Othella', 'Ulrike', 'Livepath', 690, 18112, 'noimage.jpg', 'euismod scelerisque quam turpis adipiscing lorem vitae mattis nibh ligula nec sem duis aliquam', '구편절판', '2021-04-25 00:00:00', '2021-09-11 00:00:00'),
	(576, '536735663-X', '소설', 'Charla', 'Carly', 'Vinder', 538, 16743, 'noimage.jpg', 'ligula vehicula consequat morbi a ipsum integer a nibh in quis justo maecenas rhoncus aliquam', '절판', '2020-11-21 00:00:00', '2021-01-01 00:00:00'),
	(577, '670497357-5', '잡지', 'Madelena', 'Kellina', 'Eadel', 87, 28911, 'noimage.jpg', 'rhoncus dui vel sem sed sagittis nam congue risus semper porta', '품절', '2021-04-30 00:00:00', '2021-05-04 00:00:00'),
	(578, '271509199-0', '여행', 'Agosto', 'Nickola', 'Oozz', 166, 15883, 'noimage.jpg', 'non velit nec nisi vulputate nonummy maecenas tincidunt lacus at velit vivamus vel nulla eget eros elementum pellentesque', '품절', '2021-01-10 00:00:00', '2021-07-01 00:00:00'),
	(579, '303161033-4', '잡지', 'Lauren', 'Perry', 'Yambee', 718, 8784, 'noimage.jpg', 'lacinia aenean sit amet justo morbi ut odio cras mi pede malesuada in imperdiet et commodo vulputate justo in', '절판', '2021-06-11 00:00:00', '2021-08-02 00:00:00'),
	(580, '615548635-2', '경제', 'Sonia', 'Conrade', 'Zoombeat', 476, 26309, 'noimage.jpg', 'condimentum neque sapien placerat ante nulla justo aliquam quis turpis eget elit sodales scelerisque mauris sit amet eros suspendisse', '구편절판', '2021-05-21 00:00:00', '2021-07-20 00:00:00'),
	(581, '014906356-3', '만화', 'Marillin', 'Joy', 'Skyba', 686, 26974, 'noimage.jpg', 'habitasse platea dictumst maecenas ut massa quis augue luctus tincidunt nulla mollis molestie lorem quisque ut erat curabitur gravida', '구편절판', '2021-08-11 00:00:00', '2021-09-18 00:00:00'),
	(582, '868725349-4', '소설', 'Elayne', 'Jewell', 'Linkbuzz', 782, 28298, 'noimage.jpg', 'at lorem integer tincidunt ante vel ipsum praesent blandit lacinia', '구편절판', '2020-12-13 00:00:00', '2020-09-24 00:00:00'),
	(583, '159406864-X', '잡지', 'Maddi', 'Leilah', 'Buzzshare', 29, 11570, 'noimage.jpg', 'suscipit ligula in lacus curabitur at ipsum ac tellus semper interdum mauris ullamcorper purus sit amet nulla', '절판', '2020-10-25 00:00:00', '2021-03-29 00:00:00'),
	(584, '251759932-7', '만화', 'Cammy', 'Haleigh', 'Tagpad', 400, 29817, 'noimage.jpg', 'vehicula condimentum curabitur in libero ut massa volutpat convallis morbi odio odio', '절판', '2021-04-24 00:00:00', '2021-01-16 00:00:00'),
	(585, '950721139-X', '소설', 'Bernelle', 'Leigha', 'Fliptune', 163, 14603, 'noimage.jpg', 'erat nulla tempus vivamus in felis eu sapien cursus vestibulum proin', '절판', '2021-06-11 00:00:00', '2020-12-21 00:00:00'),
	(586, '974262647-2', '여행', 'Homere', 'Sena', 'Twitterbridge', 658, 7471, 'noimage.jpg', 'vitae nisl aenean lectus pellentesque eget nunc donec quis orci eget orci vehicula condimentum curabitur in libero ut massa', '품절', '2021-02-16 00:00:00', '2021-07-04 00:00:00'),
	(587, '579037279-1', '소설', 'Julianne', 'Vassily', 'Yoveo', 317, 29164, 'noimage.jpg', 'blandit mi in porttitor pede justo eu massa donec dapibus duis at velit eu', '품절', '2020-10-11 00:00:00', '2021-05-24 00:00:00'),
	(588, '736575403-6', '잡지', 'Cori', 'Norris', 'Devcast', 854, 14390, 'noimage.jpg', 'phasellus id sapien in sapien iaculis congue vivamus metus arcu adipiscing molestie hendrerit', '품절', '2021-03-20 00:00:00', '2020-09-24 00:00:00'),
	(589, '810497133-6', '잡지', 'Moria', 'Sterling', 'Einti', 978, 12665, 'noimage.jpg', 'sapien non mi integer ac neque duis bibendum morbi non quam nec dui luctus rutrum nulla tellus', '판매중', '2021-02-10 00:00:00', '2020-12-02 00:00:00'),
	(590, '593015114-8', '잡지', 'Brantley', 'Robbyn', 'Wordpedia', 702, 16096, 'noimage.jpg', 'lobortis est phasellus sit amet erat nulla tempus vivamus in felis eu sapien cursus vestibulum proin eu mi nulla ac', '절판', '2021-02-17 00:00:00', '2021-08-14 00:00:00'),
	(591, '824115032-6', '경제', 'Whitaker', 'Nadean', 'Youfeed', 995, 17267, 'noimage.jpg', 'pellentesque at nulla suspendisse potenti cras in purus eu magna vulputate luctus cum sociis natoque penatibus et magnis', '판매중', '2021-03-20 00:00:00', '2021-07-14 00:00:00'),
	(592, '569065200-8', '여행', 'Leyla', 'Veriee', 'Devshare', 137, 5479, 'noimage.jpg', 'ipsum praesent blandit lacinia erat vestibulum sed magna at nunc commodo placerat', '절판', '2021-06-22 00:00:00', '2021-01-27 00:00:00'),
	(593, '164628735-5', '경제', 'Zia', 'Dorian', 'Izio', 895, 6498, 'noimage.jpg', 'eu nibh quisque id justo sit amet sapien dignissim vestibulum vestibulum ante ipsum primis', '구편절판', '2021-04-16 00:00:00', '2021-01-06 00:00:00'),
	(594, '250285799-6', '여행', 'Ellie', 'Luther', 'Pixope', 552, 12533, 'noimage.jpg', 'posuere cubilia curae mauris viverra diam vitae quam suspendisse potenti nullam porttitor lacus at turpis donec posuere metus', '판매중', '2021-05-11 00:00:00', '2021-08-21 00:00:00'),
	(595, '358610970-9', '외국어', 'Alva', 'Jazmin', 'Mynte', 739, 14704, 'noimage.jpg', 'praesent blandit nam nulla integer pede justo lacinia eget tincidunt eget tempus vel pede', '구편절판', '2020-09-25 00:00:00', '2020-12-13 00:00:00'),
	(596, '955819356-9', '여행', 'Celestyna', 'Arlena', 'Linkbridge', 532, 25686, 'noimage.jpg', 'bibendum morbi non quam nec dui luctus rutrum nulla tellus in sagittis dui vel nisl duis ac nibh fusce', '판매중', '2020-10-28 00:00:00', '2021-06-05 00:00:00'),
	(597, '333950741-4', '잡지', 'Issi', 'Zelda', 'Topdrive', 582, 21426, 'noimage.jpg', 'duis bibendum morbi non quam nec dui luctus rutrum nulla tellus in sagittis dui vel nisl duis ac nibh', '품절', '2021-02-24 00:00:00', '2021-03-20 00:00:00'),
	(598, '174950112-0', '여행', 'Ky', 'Brig', 'Gigaclub', 772, 24523, 'noimage.jpg', 'rhoncus dui vel sem sed sagittis nam congue risus semper porta volutpat quam pede lobortis ligula sit amet eleifend pede', '품절', '2021-02-17 00:00:00', '2021-07-27 00:00:00'),
	(599, '926678283-1', '여행', 'Cacilia', 'Reinold', 'Brainbox', 450, 10001, 'noimage.jpg', 'nam nulla integer pede justo lacinia eget tincidunt eget tempus vel', '구편절판', '2020-11-30 00:00:00', '2021-02-17 00:00:00'),
	(600, '446154492-3', '경제', 'Yoshiko', 'Kristy', 'Zoomdog', 360, 26479, 'noimage.jpg', 'fermentum donec ut mauris eget massa tempor convallis nulla neque libero convallis eget eleifend luctus', '판매중', '2021-07-13 00:00:00', '2020-12-03 00:00:00'),
	(601, '272087240-7', '잡지', 'Mahmoud', 'Jose', 'Topicblab', 988, 22072, 'noimage.jpg', 'pede venenatis non sodales sed tincidunt eu felis fusce posuere', '절판', '2021-09-05 00:00:00', '2020-10-27 00:00:00'),
	(602, '447786279-2', '소설', 'Fidel', 'Kaitlin', 'Quimba', 993, 26211, 'noimage.jpg', 'morbi a ipsum integer a nibh in quis justo maecenas rhoncus aliquam lacus morbi quis', '판매중', '2021-02-03 00:00:00', '2021-03-04 00:00:00'),
	(603, '965099002-X', '경제', 'Leanora', 'Miguela', 'Lajo', 359, 22849, 'noimage.jpg', 'ante ipsum primis in faucibus orci luctus et ultrices posuere cubilia curae mauris viverra diam vitae quam suspendisse potenti', '판매중', '2021-02-03 00:00:00', '2021-03-06 00:00:00'),
	(604, '034950644-2', '잡지', 'Marley', 'Niven', 'Thoughtsphere', 556, 14440, 'noimage.jpg', 'felis fusce posuere felis sed lacus morbi sem mauris laoreet ut', '판매중', '2020-10-13 00:00:00', '2021-04-25 00:00:00'),
	(605, '764915131-X', '소설', 'Kevin', 'Rebbecca', 'Youtags', 539, 15068, 'noimage.jpg', 'amet lobortis sapien sapien non mi integer ac neque duis bibendum morbi non quam nec dui luctus rutrum', '판매중', '2020-12-13 00:00:00', '2021-01-27 00:00:00'),
	(606, '831636594-4', '소설', 'Ab', 'Matilde', 'Jetwire', 849, 16955, 'noimage.jpg', 'ac est lacinia nisi venenatis tristique fusce congue diam id ornare imperdiet sapien urna pretium nisl', '품절', '2021-05-02 00:00:00', '2021-04-17 00:00:00'),
	(607, '942076574-1', '여행', 'Dani', 'Keene', 'Youspan', 257, 23537, 'noimage.jpg', 'arcu adipiscing molestie hendrerit at vulputate vitae nisl aenean lectus pellentesque eget nunc donec quis orci eget', '품절', '2021-01-03 00:00:00', '2021-01-18 00:00:00'),
	(608, '950442274-8', '잡지', 'Timoteo', 'Bathsheba', 'Oyoyo', 953, 29759, 'noimage.jpg', 'accumsan felis ut at dolor quis odio consequat varius integer ac leo pellentesque ultrices mattis odio donec', '판매중', '2021-02-01 00:00:00', '2021-03-12 00:00:00'),
	(609, '362516632-1', '소설', 'Kaylil', 'Brook', 'Skimia', 699, 16793, 'noimage.jpg', 'volutpat sapien arcu sed augue aliquam erat volutpat in congue etiam justo etiam pretium', '구편절판', '2021-06-02 00:00:00', '2021-05-05 00:00:00'),
	(610, '939843396-6', '만화', 'Muhammad', 'Lynnette', 'Meeveo', 626, 24403, 'noimage.jpg', 'amet sem fusce consequat nulla nisl nunc nisl duis bibendum felis sed interdum venenatis turpis enim blandit', '판매중', '2020-10-23 00:00:00', '2021-04-27 00:00:00'),
	(611, '730567341-2', '외국어', 'Angelo', 'Cami', 'Yotz', 633, 15573, 'noimage.jpg', 'bibendum imperdiet nullam orci pede venenatis non sodales sed tincidunt eu felis fusce posuere felis sed', '절판', '2020-11-07 00:00:00', '2020-10-22 00:00:00'),
	(612, '438080529-8', '경제', 'Leeland', 'Jennie', 'Cogidoo', 865, 18575, 'noimage.jpg', 'parturient montes nascetur ridiculus mus etiam vel augue vestibulum rutrum rutrum neque aenean auctor gravida', '품절', '2020-11-14 00:00:00', '2021-09-03 00:00:00'),
	(613, '909150934-1', '잡지', 'Nikki', 'Deerdre', 'Omba', 666, 7722, 'noimage.jpg', 'lacus at velit vivamus vel nulla eget eros elementum pellentesque quisque porta volutpat erat quisque erat eros', '구편절판', '2020-12-22 00:00:00', '2020-11-06 00:00:00'),
	(614, '722182753-2', '잡지', 'Tadd', 'Hersch', 'Twinder', 75, 12524, 'noimage.jpg', 'risus semper porta volutpat quam pede lobortis ligula sit amet eleifend pede libero quis orci nullam', '품절', '2020-10-29 00:00:00', '2021-07-05 00:00:00'),
	(615, '340234733-4', '소설', 'Daphne', 'Tore', 'Mudo', 242, 27011, 'noimage.jpg', 'libero nullam sit amet turpis elementum ligula vehicula consequat morbi a ipsum integer a nibh in quis justo maecenas rhoncus', '품절', '2021-06-15 00:00:00', '2021-03-09 00:00:00'),
	(616, '949369085-7', '경제', 'Lura', 'Riki', 'Oyoyo', 596, 21946, 'noimage.jpg', 'odio cras mi pede malesuada in imperdiet et commodo vulputate justo in blandit', '절판', '2021-01-02 00:00:00', '2021-08-31 00:00:00'),
	(617, '942826081-9', '잡지', 'Damien', 'Whitney', 'Demivee', 782, 29477, 'noimage.jpg', 'ultrices posuere cubilia curae duis faucibus accumsan odio curabitur convallis duis consequat dui nec nisi volutpat eleifend donec ut dolor', '품절', '2021-02-07 00:00:00', '2021-05-25 00:00:00'),
	(618, '116186987-5', '외국어', 'Natala', 'Ranee', 'Jaxnation', 322, 18441, 'noimage.jpg', 'in quam fringilla rhoncus mauris enim leo rhoncus sed vestibulum sit amet cursus id turpis integer aliquet massa id', '품절', '2021-01-12 00:00:00', '2021-09-22 00:00:00'),
	(619, '722010822-2', '소설', 'Petronilla', 'Bentlee', 'JumpXS', 470, 22342, 'noimage.jpg', 'sed justo pellentesque viverra pede ac diam cras pellentesque volutpat dui maecenas tristique est et tempus', '구편절판', '2020-10-04 00:00:00', '2020-12-10 00:00:00'),
	(620, '729976633-7', '외국어', 'Gennifer', 'Del', 'Skynoodle', 858, 13299, 'noimage.jpg', 'placerat ante nulla justo aliquam quis turpis eget elit sodales scelerisque mauris sit amet eros suspendisse', '판매중', '2021-03-01 00:00:00', '2021-08-12 00:00:00'),
	(621, '519258097-8', '잡지', 'Sher', 'Asher', 'Brainbox', 198, 11543, 'noimage.jpg', 'turpis eget elit sodales scelerisque mauris sit amet eros suspendisse accumsan tortor', '품절', '2021-09-07 00:00:00', '2021-06-15 00:00:00'),
	(622, '939116505-2', '경제', 'Brantley', 'Masha', 'Snaptags', 800, 20847, 'noimage.jpg', 'vel augue vestibulum ante ipsum primis in faucibus orci luctus et ultrices posuere cubilia', '구편절판', '2020-12-25 00:00:00', '2021-02-27 00:00:00'),
	(623, '140755133-7', '소설', 'Mab', 'Virgil', 'Mybuzz', 403, 22498, 'noimage.jpg', 'libero quis orci nullam molestie nibh in lectus pellentesque at nulla suspendisse potenti cras in purus eu magna vulputate luctus', '판매중', '2021-03-31 00:00:00', '2021-04-29 00:00:00'),
	(624, '849106493-1', '소설', 'Ambur', 'Hansiain', 'Snaptags', 954, 20677, 'noimage.jpg', 'vestibulum aliquet ultrices erat tortor sollicitudin mi sit amet lobortis sapien sapien non', '절판', '2021-01-10 00:00:00', '2020-11-11 00:00:00'),
	(625, '104506778-4', '소설', 'Gideon', 'Archer', 'Skinix', 542, 5641, 'noimage.jpg', 'nisl duis ac nibh fusce lacus purus aliquet at feugiat non pretium quis lectus suspendisse potenti', '판매중', '2020-10-05 00:00:00', '2021-07-25 00:00:00'),
	(626, '579392760-3', '소설', 'Moyra', 'Jolynn', 'Teklist', 351, 25827, 'noimage.jpg', 'morbi vestibulum velit id pretium iaculis diam erat fermentum justo nec condimentum neque sapien placerat', '품절', '2021-07-04 00:00:00', '2021-02-13 00:00:00'),
	(627, '491681602-1', '여행', 'Bale', 'Libbi', 'Fivechat', 23, 9193, 'noimage.jpg', 'odio condimentum id luctus nec molestie sed justo pellentesque viverra pede', '구편절판', '2021-07-04 00:00:00', '2021-09-17 00:00:00'),
	(628, '162464875-4', '경제', 'Alta', 'Dena', 'Yodoo', 862, 22214, 'noimage.jpg', 'erat id mauris vulputate elementum nullam varius nulla facilisi cras non velit nec', '구편절판', '2021-06-24 00:00:00', '2021-05-16 00:00:00'),
	(629, '021061250-9', '경제', 'Ade', 'Jo', 'Skimia', 706, 26239, 'noimage.jpg', 'ligula vehicula consequat morbi a ipsum integer a nibh in quis justo maecenas rhoncus', '품절', '2020-11-30 00:00:00', '2021-06-04 00:00:00'),
	(630, '887554015-2', '경제', 'Chiarra', 'Eadie', 'Bluejam', 594, 22192, 'noimage.jpg', 'non mattis pulvinar nulla pede ullamcorper augue a suscipit nulla elit ac nulla sed vel enim sit', '판매중', '2021-04-13 00:00:00', '2021-07-01 00:00:00'),
	(631, '334924159-X', '잡지', 'Erna', 'Ricky', 'Jazzy', 395, 18745, 'noimage.jpg', 'nam dui proin leo odio porttitor id consequat in consequat ut nulla sed accumsan felis ut at dolor quis', '구편절판', '2021-04-04 00:00:00', '2020-12-11 00:00:00'),
	(632, '071260043-4', '외국어', 'Heida', 'Brandea', 'BlogXS', 40, 13498, 'noimage.jpg', 'amet justo morbi ut odio cras mi pede malesuada in imperdiet et commodo vulputate', '품절', '2020-11-30 00:00:00', '2020-10-25 00:00:00'),
	(633, '503792189-9', '잡지', 'Richard', 'Tomasine', 'Quaxo', 907, 29862, 'noimage.jpg', 'habitasse platea dictumst aliquam augue quam sollicitudin vitae consectetuer eget rutrum at lorem', '구편절판', '2021-01-01 00:00:00', '2020-10-08 00:00:00'),
	(634, '960755185-0', '잡지', 'Agace', 'De', 'Thoughtmix', 512, 27696, 'noimage.jpg', 'fringilla rhoncus mauris enim leo rhoncus sed vestibulum sit amet cursus id turpis integer', '절판', '2021-07-01 00:00:00', '2021-07-03 00:00:00'),
	(635, '755211352-9', '잡지', 'Brenn', 'Amy', 'Divape', 139, 17606, 'noimage.jpg', 'sit amet cursus id turpis integer aliquet massa id lobortis convallis tortor', '판매중', '2021-06-22 00:00:00', '2020-10-23 00:00:00'),
	(636, '569600818-6', '경제', 'Elsbeth', 'Liane', 'Thoughtworks', 522, 8859, 'noimage.jpg', 'porttitor id consequat in consequat ut nulla sed accumsan felis ut at dolor quis odio consequat varius integer ac', '판매중', '2020-10-17 00:00:00', '2021-07-07 00:00:00'),
	(637, '517235660-6', '소설', 'Penn', 'Sheena', 'Quaxo', 326, 23488, 'noimage.jpg', 'sapien varius ut blandit non interdum in ante vestibulum ante ipsum primis in faucibus orci luctus et', '절판', '2021-06-03 00:00:00', '2021-03-10 00:00:00'),
	(638, '817438935-0', '경제', 'Fonsie', 'Ilse', 'Aibox', 608, 17279, 'noimage.jpg', 'sem duis aliquam convallis nunc proin at turpis a pede posuere nonummy integer non velit donec diam neque', '구편절판', '2021-08-09 00:00:00', '2021-02-15 00:00:00'),
	(639, '417064272-4', '경제', 'Lianna', 'Kellia', 'Feedspan', 189, 15231, 'noimage.jpg', 'nulla tellus in sagittis dui vel nisl duis ac nibh fusce lacus purus aliquet at feugiat non pretium quis lectus', '판매중', '2021-05-02 00:00:00', '2021-07-16 00:00:00'),
	(640, '667395793-X', '잡지', 'Lebbie', 'Veradis', 'Yozio', 369, 25580, 'noimage.jpg', 'proin at turpis a pede posuere nonummy integer non velit donec diam neque', '절판', '2021-03-16 00:00:00', '2021-07-04 00:00:00'),
	(641, '716622276-X', '경제', 'Curtice', 'Eveleen', 'Meezzy', 892, 13377, 'noimage.jpg', 'mauris lacinia sapien quis libero nullam sit amet turpis elementum ligula vehicula consequat morbi a ipsum integer', '절판', '2020-10-16 00:00:00', '2021-05-29 00:00:00'),
	(642, '165935077-8', '여행', 'Rockie', 'Katusha', 'Yoveo', 646, 29833, 'noimage.jpg', 'pellentesque ultrices phasellus id sapien in sapien iaculis congue vivamus metus arcu adipiscing molestie hendrerit at', '절판', '2021-08-10 00:00:00', '2021-06-25 00:00:00'),
	(643, '913060289-0', '소설', 'Jere', 'Wit', 'Photobean', 213, 12429, 'noimage.jpg', 'hac habitasse platea dictumst aliquam augue quam sollicitudin vitae consectetuer eget rutrum at lorem', '구편절판', '2021-05-06 00:00:00', '2021-07-20 00:00:00'),
	(644, '139760640-1', '잡지', 'Juliann', 'Sonnnie', 'Meevee', 135, 23398, 'noimage.jpg', 'aliquet pulvinar sed nisl nunc rhoncus dui vel sem sed sagittis nam congue risus', '판매중', '2021-03-03 00:00:00', '2021-05-22 00:00:00'),
	(645, '924977849-X', '소설', 'Bert', 'Morris', 'Lazz', 611, 29688, 'noimage.jpg', 'in purus eu magna vulputate luctus cum sociis natoque penatibus et magnis dis parturient montes nascetur ridiculus mus vivamus vestibulum', '품절', '2021-07-19 00:00:00', '2021-04-03 00:00:00'),
	(646, '331779536-0', '여행', 'Loren', 'Joleen', 'Babbleset', 352, 17132, 'noimage.jpg', 'libero quis orci nullam molestie nibh in lectus pellentesque at nulla suspendisse potenti cras', '품절', '2020-12-24 00:00:00', '2021-04-23 00:00:00'),
	(647, '507570591-X', '여행', 'Torrin', 'Caty', 'Dynabox', 85, 13911, 'noimage.jpg', 'lacinia aenean sit amet justo morbi ut odio cras mi pede malesuada in imperdiet et commodo vulputate justo in blandit', '품절', '2021-05-10 00:00:00', '2021-05-13 00:00:00'),
	(648, '319321851-0', '만화', 'Selena', 'Lotta', 'Yamia', 257, 5234, 'noimage.jpg', 'augue luctus tincidunt nulla mollis molestie lorem quisque ut erat curabitur gravida nisi at nibh in', '절판', '2021-03-03 00:00:00', '2020-11-18 00:00:00'),
	(649, '489511858-4', '소설', 'Sula', 'Filmer', 'Yambee', 901, 15731, 'noimage.jpg', 'tristique in tempus sit amet sem fusce consequat nulla nisl nunc nisl duis bibendum felis sed interdum', '절판', '2020-12-15 00:00:00', '2021-09-10 00:00:00'),
	(650, '078293646-6', '잡지', 'Kerry', 'Vin', 'Fliptune', 604, 27050, 'noimage.jpg', 'adipiscing molestie hendrerit at vulputate vitae nisl aenean lectus pellentesque', '절판', '2020-11-23 00:00:00', '2020-12-29 00:00:00'),
	(651, '805748655-4', '여행', 'Waldo', 'Addie', 'Kwilith', 341, 23108, 'noimage.jpg', 'erat curabitur gravida nisi at nibh in hac habitasse platea dictumst aliquam augue quam sollicitudin vitae consectetuer eget rutrum at', '절판', '2021-04-11 00:00:00', '2020-12-01 00:00:00'),
	(652, '654624742-9', '만화', 'Kissee', 'Beauregard', 'Twitternation', 618, 27233, 'noimage.jpg', 'dolor sit amet consectetuer adipiscing elit proin interdum mauris non ligula pellentesque ultrices', '절판', '2021-05-07 00:00:00', '2021-03-08 00:00:00'),
	(653, '875664237-7', '잡지', 'Charmaine', 'Jobey', 'Wordpedia', 122, 20703, 'noimage.jpg', 'ante nulla justo aliquam quis turpis eget elit sodales scelerisque', '판매중', '2020-12-30 00:00:00', '2020-11-21 00:00:00'),
	(654, '984834185-4', '잡지', 'Sherlock', 'Salomone', 'Mycat', 910, 18479, 'noimage.jpg', 'venenatis non sodales sed tincidunt eu felis fusce posuere felis sed lacus morbi sem mauris laoreet ut rhoncus aliquet pulvinar', '품절', '2020-10-10 00:00:00', '2021-07-30 00:00:00'),
	(655, '993729551-3', '소설', 'Jeffy', 'Gabey', 'Voolith', 123, 9739, 'noimage.jpg', 'aenean auctor gravida sem praesent id massa id nisl venenatis lacinia aenean sit amet justo morbi ut odio cras mi', '판매중', '2020-11-12 00:00:00', '2021-01-12 00:00:00'),
	(656, '389625673-4', '외국어', 'Aggi', 'Jameson', 'Eare', 45, 26918, 'noimage.jpg', 'mus etiam vel augue vestibulum rutrum rutrum neque aenean auctor gravida sem praesent id massa id nisl venenatis lacinia aenean', '판매중', '2021-07-02 00:00:00', '2021-03-28 00:00:00'),
	(657, '625899449-0', '여행', 'Maxwell', 'Kiah', 'Miboo', 517, 26961, 'noimage.jpg', 'ipsum aliquam non mauris morbi non lectus aliquam sit amet', '구편절판', '2021-07-31 00:00:00', '2021-08-09 00:00:00'),
	(658, '733338026-2', '경제', 'Garrard', 'Desiri', 'Yata', 67, 9466, 'noimage.jpg', 'duis mattis egestas metus aenean fermentum donec ut mauris eget massa tempor convallis nulla neque libero convallis eget eleifend', '절판', '2021-02-01 00:00:00', '2020-09-28 00:00:00'),
	(659, '521441914-7', '외국어', 'Rossie', 'Pammi', 'Leenti', 777, 20849, 'noimage.jpg', 'aliquam quis turpis eget elit sodales scelerisque mauris sit amet eros suspendisse accumsan tortor', '구편절판', '2021-08-04 00:00:00', '2020-12-13 00:00:00'),
	(660, '637818949-8', '만화', 'Fairlie', 'Ermina', 'Roomm', 160, 20626, 'noimage.jpg', 'pede venenatis non sodales sed tincidunt eu felis fusce posuere felis sed lacus morbi sem mauris laoreet ut', '품절', '2021-03-09 00:00:00', '2021-01-06 00:00:00'),
	(661, '637308588-0', '잡지', 'Shanna', 'Finley', 'Twitterwire', 169, 17093, 'noimage.jpg', 'turpis a pede posuere nonummy integer non velit donec diam neque vestibulum eget vulputate ut ultrices vel augue', '절판', '2021-07-17 00:00:00', '2021-07-06 00:00:00'),
	(662, '331997415-7', '만화', 'Illa', 'Ly', 'Yabox', 603, 25883, 'noimage.jpg', 'nec euismod scelerisque quam turpis adipiscing lorem vitae mattis nibh ligula nec sem duis', '품절', '2021-01-17 00:00:00', '2021-05-20 00:00:00'),
	(663, '074165945-X', '여행', 'Massimiliano', 'Leola', 'Linktype', 314, 23229, 'noimage.jpg', 'augue vel accumsan tellus nisi eu orci mauris lacinia sapien quis libero nullam sit amet turpis elementum ligula', '구편절판', '2021-09-08 00:00:00', '2020-11-07 00:00:00'),
	(664, '882220383-6', '경제', 'Kermie', 'Monika', 'Rhybox', 365, 16901, 'noimage.jpg', 'vulputate nonummy maecenas tincidunt lacus at velit vivamus vel nulla', '판매중', '2021-06-11 00:00:00', '2021-03-15 00:00:00'),
	(665, '990164975-7', '여행', 'Delmor', 'Gusta', 'Buzzster', 38, 9749, 'noimage.jpg', 'in libero ut massa volutpat convallis morbi odio odio elementum eu interdum eu', '절판', '2020-12-10 00:00:00', '2021-04-13 00:00:00'),
	(666, '819618988-5', '여행', 'Farrel', 'Ambrosio', 'Lazz', 914, 13675, 'noimage.jpg', 'augue quam sollicitudin vitae consectetuer eget rutrum at lorem integer tincidunt ante vel ipsum praesent blandit lacinia', '구편절판', '2021-08-29 00:00:00', '2021-06-15 00:00:00'),
	(667, '438072936-2', '여행', 'Bordy', 'Sylvan', 'Wikizz', 277, 16072, 'noimage.jpg', 'pulvinar nulla pede ullamcorper augue a suscipit nulla elit ac nulla sed vel enim sit amet nunc viverra', '절판', '2020-11-22 00:00:00', '2021-01-29 00:00:00'),
	(668, '139645512-4', '경제', 'Jeffrey', 'Darby', 'Feedfish', 170, 19830, 'noimage.jpg', 'blandit nam nulla integer pede justo lacinia eget tincidunt eget', '판매중', '2021-06-07 00:00:00', '2020-12-21 00:00:00'),
	(669, '456078089-7', '여행', 'Tymothy', 'Justin', 'Youfeed', 742, 25644, 'noimage.jpg', 'odio odio elementum eu interdum eu tincidunt in leo maecenas pulvinar lobortis est', '판매중', '2021-08-07 00:00:00', '2021-04-12 00:00:00'),
	(670, '952478077-1', '만화', 'Antonetta', 'Marrilee', 'Oloo', 498, 26144, 'noimage.jpg', 'a suscipit nulla elit ac nulla sed vel enim sit amet nunc viverra dapibus nulla', '품절', '2021-05-05 00:00:00', '2021-01-20 00:00:00'),
	(671, '544791530-9', '소설', 'Ricki', 'Rebecca', 'Realcube', 237, 5777, 'noimage.jpg', 'at nibh in hac habitasse platea dictumst aliquam augue quam sollicitudin vitae consectetuer eget rutrum', '품절', '2021-07-30 00:00:00', '2021-01-07 00:00:00'),
	(672, '534189020-5', '만화', 'Julieta', 'Shantee', 'Centidel', 625, 11202, 'noimage.jpg', 'semper rutrum nulla nunc purus phasellus in felis donec semper sapien a libero nam', '품절', '2021-08-11 00:00:00', '2021-09-12 00:00:00'),
	(673, '383777471-6', '만화', 'Hammad', 'Nerty', 'Photolist', 131, 5417, 'noimage.jpg', 'sed lacus morbi sem mauris laoreet ut rhoncus aliquet pulvinar sed nisl nunc', '품절', '2021-02-13 00:00:00', '2021-04-20 00:00:00'),
	(674, '077742493-2', '소설', 'Milty', 'Lidia', 'Gabcube', 961, 24591, 'noimage.jpg', 'ac diam cras pellentesque volutpat dui maecenas tristique est et tempus semper est quam pharetra magna ac', '품절', '2021-07-15 00:00:00', '2021-06-28 00:00:00'),
	(675, '864439391-X', '만화', 'Ralina', 'Thornton', 'Eidel', 718, 5282, 'noimage.jpg', 'porttitor lorem id ligula suspendisse ornare consequat lectus in est risus auctor sed tristique in tempus', '품절', '2021-01-22 00:00:00', '2021-08-14 00:00:00'),
	(676, '254137779-7', '외국어', 'Cece', 'Boyd', 'Wikizz', 664, 14417, 'noimage.jpg', 'commodo vulputate justo in blandit ultrices enim lorem ipsum dolor sit amet consectetuer adipiscing elit proin interdum', '구편절판', '2020-11-20 00:00:00', '2021-07-25 00:00:00'),
	(677, '730156223-3', '잡지', 'Carolee', 'Loni', 'Blogtags', 926, 29380, 'noimage.jpg', 'augue aliquam erat volutpat in congue etiam justo etiam pretium iaculis justo in', '판매중', '2020-12-25 00:00:00', '2021-03-22 00:00:00'),
	(678, '361845698-0', '여행', 'Filbert', 'Glen', 'Fivespan', 958, 15924, 'noimage.jpg', 'nullam porttitor lacus at turpis donec posuere metus vitae ipsum aliquam non mauris', '절판', '2021-07-20 00:00:00', '2021-05-18 00:00:00'),
	(679, '519581454-6', '외국어', 'Doy', 'Jessie', 'Twitterbridge', 2, 19773, 'noimage.jpg', 'congue diam id ornare imperdiet sapien urna pretium nisl ut volutpat sapien arcu sed augue aliquam erat volutpat in congue', '절판', '2021-08-13 00:00:00', '2021-06-18 00:00:00'),
	(680, '317721875-7', '만화', 'Kirstyn', 'Tine', 'Babbleblab', 726, 14815, 'noimage.jpg', 'volutpat convallis morbi odio odio elementum eu interdum eu tincidunt in leo maecenas pulvinar', '품절', '2020-12-11 00:00:00', '2021-05-19 00:00:00'),
	(681, '539504847-2', '외국어', 'Bebe', 'Gibby', 'Trunyx', 810, 9520, 'noimage.jpg', 'porta volutpat quam pede lobortis ligula sit amet eleifend pede libero quis orci nullam molestie', '절판', '2020-10-10 00:00:00', '2021-06-12 00:00:00'),
	(682, '859556117-6', '여행', 'Rolf', 'Korie', 'Kimia', 13, 24288, 'noimage.jpg', 'eros vestibulum ac est lacinia nisi venenatis tristique fusce congue diam id', '절판', '2020-12-08 00:00:00', '2021-06-19 00:00:00'),
	(683, '245811582-9', '여행', 'Millie', 'Miles', 'Quatz', 167, 28740, 'noimage.jpg', 'vestibulum velit id pretium iaculis diam erat fermentum justo nec condimentum neque sapien placerat ante nulla justo aliquam quis', '절판', '2021-09-12 00:00:00', '2021-02-02 00:00:00'),
	(684, '413808297-2', '만화', 'Coreen', 'Maighdiln', 'Bubblebox', 318, 7471, 'noimage.jpg', 'massa tempor convallis nulla neque libero convallis eget eleifend luctus ultricies eu', '절판', '2021-05-01 00:00:00', '2021-08-14 00:00:00'),
	(685, '553098502-5', '만화', 'Ada', 'Neysa', 'Kazio', 397, 12720, 'noimage.jpg', 'sollicitudin vitae consectetuer eget rutrum at lorem integer tincidunt ante vel ipsum praesent blandit lacinia erat vestibulum', '구편절판', '2021-07-11 00:00:00', '2021-01-20 00:00:00'),
	(686, '778338519-2', '만화', 'Edgardo', 'Heida', 'Twinte', 308, 19810, 'noimage.jpg', 'sapien cursus vestibulum proin eu mi nulla ac enim in tempor', '판매중', '2021-01-09 00:00:00', '2021-02-06 00:00:00'),
	(687, '313019467-3', '경제', 'Hillary', 'Beilul', 'Oyoba', 56, 23389, 'noimage.jpg', 'purus eu magna vulputate luctus cum sociis natoque penatibus et magnis dis parturient montes nascetur ridiculus mus vivamus', '절판', '2021-05-04 00:00:00', '2021-03-10 00:00:00'),
	(688, '853626837-9', '만화', 'Modesta', 'Dagny', 'Gabspot', 960, 10014, 'noimage.jpg', 'non velit nec nisi vulputate nonummy maecenas tincidunt lacus at velit vivamus vel nulla eget eros elementum', '구편절판', '2020-12-29 00:00:00', '2020-11-30 00:00:00'),
	(689, '436701494-0', '잡지', 'Tirrell', 'Derek', 'Leenti', 250, 24570, 'noimage.jpg', 'donec semper sapien a libero nam dui proin leo odio porttitor id consequat in', '구편절판', '2021-09-01 00:00:00', '2020-11-07 00:00:00'),
	(690, '941054687-7', '외국어', 'Phebe', 'Jory', 'Voonyx', 496, 15076, 'noimage.jpg', 'sapien varius ut blandit non interdum in ante vestibulum ante ipsum primis in faucibus orci luctus et', '구편절판', '2021-09-09 00:00:00', '2021-03-08 00:00:00'),
	(691, '655074278-1', '외국어', 'Gale', 'Dugald', 'Podcat', 491, 15621, 'noimage.jpg', 'nibh ligula nec sem duis aliquam convallis nunc proin at turpis a pede posuere nonummy integer non velit donec diam', '절판', '2021-06-17 00:00:00', '2020-10-21 00:00:00'),
	(692, '203304216-2', '만화', 'Laney', 'Franz', 'Kayveo', 807, 6699, 'noimage.jpg', 'lacus curabitur at ipsum ac tellus semper interdum mauris ullamcorper', '절판', '2021-03-05 00:00:00', '2021-03-30 00:00:00'),
	(693, '322972490-9', '경제', 'Araldo', 'Konstanze', 'JumpXS', 644, 22091, 'noimage.jpg', 'blandit nam nulla integer pede justo lacinia eget tincidunt eget tempus vel pede morbi porttitor', '구편절판', '2021-09-02 00:00:00', '2021-08-18 00:00:00'),
	(694, '605780440-6', '소설', 'Xaviera', 'Robinett', 'Meembee', 831, 13778, 'noimage.jpg', 'curae mauris viverra diam vitae quam suspendisse potenti nullam porttitor lacus at turpis donec', '구편절판', '2021-03-31 00:00:00', '2021-06-17 00:00:00'),
	(695, '702148930-7', '소설', 'Ardella', 'Silvana', 'Yodel', 794, 17123, 'noimage.jpg', 'mattis pulvinar nulla pede ullamcorper augue a suscipit nulla elit ac nulla sed vel enim sit', '구편절판', '2021-03-06 00:00:00', '2021-03-21 00:00:00'),
	(696, '802934447-3', '만화', 'Maurise', 'Dione', 'Yodo', 741, 21749, 'noimage.jpg', 'odio porttitor id consequat in consequat ut nulla sed accumsan felis ut at dolor quis odio consequat', '판매중', '2020-10-25 00:00:00', '2021-07-24 00:00:00'),
	(697, '771709697-8', '여행', 'Burke', 'Howie', 'Lajo', 372, 27801, 'noimage.jpg', 'tempus semper est quam pharetra magna ac consequat metus sapien ut nunc vestibulum ante ipsum primis in faucibus orci luctus', '구편절판', '2021-05-21 00:00:00', '2020-12-31 00:00:00'),
	(698, '869005443-X', '외국어', 'Dougie', 'Tiler', 'Bluezoom', 661, 5940, 'noimage.jpg', 'ultrices posuere cubilia curae donec pharetra magna vestibulum aliquet ultrices erat tortor sollicitudin', '판매중', '2021-06-18 00:00:00', '2020-11-21 00:00:00'),
	(699, '767851252-X', '만화', 'Quill', 'Tucker', 'Tagopia', 38, 27024, 'noimage.jpg', 'diam vitae quam suspendisse potenti nullam porttitor lacus at turpis donec posuere metus vitae ipsum', '구편절판', '2020-10-10 00:00:00', '2020-11-13 00:00:00'),
	(700, '029550750-0', '경제', 'Barney', 'Wendy', 'Tazz', 18, 28436, 'noimage.jpg', 'vitae nisi nam ultrices libero non mattis pulvinar nulla pede ullamcorper augue a suscipit nulla elit ac nulla', '절판', '2020-11-24 00:00:00', '2021-04-24 00:00:00'),
	(701, '148368008-8', '만화', 'Fredelia', 'Kirbee', 'Riffpath', 170, 13882, 'noimage.jpg', 'luctus rutrum nulla tellus in sagittis dui vel nisl duis ac', '품절', '2021-05-30 00:00:00', '2021-02-19 00:00:00'),
	(702, '814334630-7', '만화', 'Babita', 'Gabie', 'Zoombox', 879, 7322, 'noimage.jpg', 'nulla ut erat id mauris vulputate elementum nullam varius nulla facilisi cras non velit nec nisi', '품절', '2021-08-08 00:00:00', '2021-04-13 00:00:00'),
	(703, '071815482-7', '여행', 'Thebault', 'Ronny', 'Quire', 771, 21859, 'noimage.jpg', 'congue diam id ornare imperdiet sapien urna pretium nisl ut volutpat sapien arcu sed augue', '품절', '2020-11-11 00:00:00', '2020-09-27 00:00:00'),
	(704, '188778190-0', '소설', 'Ernaline', 'Mollie', 'Zava', 617, 27331, 'noimage.jpg', 'odio consequat varius integer ac leo pellentesque ultrices mattis odio', '절판', '2021-06-08 00:00:00', '2021-09-02 00:00:00'),
	(705, '253532672-8', '잡지', 'Rowe', 'Marve', 'Zazio', 455, 10335, 'noimage.jpg', 'laoreet ut rhoncus aliquet pulvinar sed nisl nunc rhoncus dui vel sem sed sagittis nam congue risus semper porta', '절판', '2021-07-25 00:00:00', '2021-01-28 00:00:00'),
	(706, '798624323-6', '잡지', 'Moshe', 'Torey', 'Camido', 180, 27226, 'noimage.jpg', 'dolor sit amet consectetuer adipiscing elit proin interdum mauris non ligula pellentesque ultrices phasellus id sapien in', '판매중', '2021-07-31 00:00:00', '2021-04-28 00:00:00'),
	(707, '505136338-5', '여행', 'Anna-diane', 'Eustace', 'Lajo', 334, 5262, 'noimage.jpg', 'lectus pellentesque at nulla suspendisse potenti cras in purus eu magna vulputate luctus cum sociis natoque penatibus et magnis dis', '품절', '2021-07-05 00:00:00', '2021-06-13 00:00:00'),
	(708, '631704760-X', '잡지', 'Devlin', 'Corene', 'Oyoba', 399, 17146, 'noimage.jpg', 'sapien cursus vestibulum proin eu mi nulla ac enim in tempor turpis nec euismod scelerisque', '구편절판', '2021-04-10 00:00:00', '2021-01-04 00:00:00'),
	(709, '783158801-9', '외국어', 'Genia', 'Wendye', 'Pixope', 832, 8375, 'noimage.jpg', 'fusce congue diam id ornare imperdiet sapien urna pretium nisl ut volutpat sapien arcu sed augue', '품절', '2021-01-09 00:00:00', '2020-11-01 00:00:00'),
	(710, '178867331-X', '경제', 'Bone', 'Jeniffer', 'Yadel', 839, 16527, 'noimage.jpg', 'nullam varius nulla facilisi cras non velit nec nisi vulputate nonummy maecenas tincidunt lacus at velit vivamus vel nulla eget', '판매중', '2021-07-27 00:00:00', '2021-06-14 00:00:00'),
	(711, '856378805-1', '소설', 'Allistir', 'Avery', 'Zoombox', 881, 8987, 'noimage.jpg', 'ultrices aliquet maecenas leo odio condimentum id luctus nec molestie sed justo pellentesque viverra pede ac diam cras', '판매중', '2021-08-28 00:00:00', '2021-01-25 00:00:00'),
	(712, '538244523-0', '소설', 'Mitchell', 'Maryanne', 'Mynte', 461, 8890, 'noimage.jpg', 'praesent blandit nam nulla integer pede justo lacinia eget tincidunt eget tempus vel', '판매중', '2021-09-17 00:00:00', '2020-11-20 00:00:00'),
	(713, '300990316-2', '경제', 'Lib', 'Enos', 'Devcast', 529, 29436, 'noimage.jpg', 'adipiscing elit proin risus praesent lectus vestibulum quam sapien varius ut blandit non interdum in ante vestibulum ante ipsum', '품절', '2020-10-23 00:00:00', '2021-02-21 00:00:00'),
	(714, '494924503-1', '여행', 'Taryn', 'Trent', 'Kwimbee', 32, 21910, 'noimage.jpg', 'eleifend pede libero quis orci nullam molestie nibh in lectus pellentesque at nulla suspendisse potenti cras in purus eu', '절판', '2021-04-29 00:00:00', '2020-10-11 00:00:00'),
	(715, '429830414-0', '경제', 'Madeline', 'Austina', 'Trupe', 145, 9314, 'noimage.jpg', 'lacus morbi quis tortor id nulla ultrices aliquet maecenas leo odio condimentum id', '구편절판', '2020-12-28 00:00:00', '2021-06-07 00:00:00'),
	(716, '227668816-5', '외국어', 'Leontine', 'Hamish', 'Zooveo', 948, 27271, 'noimage.jpg', 'sapien cursus vestibulum proin eu mi nulla ac enim in tempor turpis nec euismod scelerisque quam turpis adipiscing lorem vitae', '구편절판', '2021-01-12 00:00:00', '2020-10-23 00:00:00'),
	(717, '033761032-0', '잡지', 'Rosemonde', 'Boone', 'Nlounge', 834, 26347, 'noimage.jpg', 'etiam pretium iaculis justo in hac habitasse platea dictumst etiam faucibus cursus urna ut tellus nulla ut', '구편절판', '2020-10-24 00:00:00', '2021-07-28 00:00:00'),
	(718, '791695431-1', '만화', 'Drusilla', 'Wilton', 'Linklinks', 826, 19656, 'noimage.jpg', 'felis fusce posuere felis sed lacus morbi sem mauris laoreet ut', '절판', '2020-09-30 00:00:00', '2021-03-04 00:00:00'),
	(719, '981455221-6', '소설', 'Mohandis', 'Nobe', 'Edgeblab', 651, 22284, 'noimage.jpg', 'turpis a pede posuere nonummy integer non velit donec diam neque', '절판', '2020-10-04 00:00:00', '2021-09-22 00:00:00'),
	(720, '502238330-6', '외국어', 'Crissy', 'Renaldo', 'Gabcube', 191, 18376, 'noimage.jpg', 'dis parturient montes nascetur ridiculus mus etiam vel augue vestibulum rutrum rutrum neque aenean auctor gravida sem praesent', '품절', '2021-01-31 00:00:00', '2021-01-20 00:00:00'),
	(721, '404397405-1', '잡지', 'Erv', 'Davin', 'Oloo', 793, 10452, 'noimage.jpg', 'ante vestibulum ante ipsum primis in faucibus orci luctus et ultrices posuere', '구편절판', '2021-03-08 00:00:00', '2021-02-15 00:00:00'),
	(722, '870381892-6', '만화', 'Paige', 'Ileana', 'Dabtype', 853, 22691, 'noimage.jpg', 'vel nisl duis ac nibh fusce lacus purus aliquet at feugiat non pretium quis', '판매중', '2021-07-21 00:00:00', '2020-11-08 00:00:00'),
	(723, '056897350-X', '외국어', 'Olympia', 'Karleen', 'Podcat', 799, 16891, 'noimage.jpg', 'potenti cras in purus eu magna vulputate luctus cum sociis natoque penatibus et magnis dis', '구편절판', '2021-09-09 00:00:00', '2021-03-22 00:00:00'),
	(724, '674096910-8', '잡지', 'Barbe', 'Katusha', 'Kanoodle', 606, 16633, 'noimage.jpg', 'primis in faucibus orci luctus et ultrices posuere cubilia curae nulla', '품절', '2020-12-16 00:00:00', '2021-03-16 00:00:00'),
	(725, '325936555-9', '만화', 'Micaela', 'Daveen', 'Skyvu', 248, 25722, 'noimage.jpg', 'lacinia eget tincidunt eget tempus vel pede morbi porttitor lorem id ligula suspendisse ornare', '구편절판', '2021-02-16 00:00:00', '2021-09-10 00:00:00'),
	(726, '007719052-1', '만화', 'Lira', 'Erasmus', 'Zoovu', 159, 13391, 'noimage.jpg', 'morbi non lectus aliquam sit amet diam in magna bibendum imperdiet nullam orci pede venenatis non', '판매중', '2020-09-25 00:00:00', '2020-12-04 00:00:00'),
	(727, '215562257-0', '소설', 'Rafaelita', 'Michaela', 'Agivu', 717, 27731, 'noimage.jpg', 'vestibulum sit amet cursus id turpis integer aliquet massa id lobortis', '품절', '2021-08-06 00:00:00', '2021-07-07 00:00:00'),
	(728, '697464091-9', '여행', 'Roselle', 'Enriqueta', 'Topicware', 501, 7667, 'noimage.jpg', 'nulla justo aliquam quis turpis eget elit sodales scelerisque mauris sit amet eros suspendisse accumsan tortor quis', '판매중', '2021-09-20 00:00:00', '2021-04-07 00:00:00'),
	(729, '744723224-6', '여행', 'Shanan', 'Townie', 'Oloo', 24, 22159, 'noimage.jpg', 'amet sapien dignissim vestibulum vestibulum ante ipsum primis in faucibus orci', '판매중', '2021-03-23 00:00:00', '2021-09-19 00:00:00'),
	(730, '079428927-4', '경제', 'Farrell', 'Marcelline', 'Buzzbean', 122, 24147, 'noimage.jpg', 'mi sit amet lobortis sapien sapien non mi integer ac neque duis bibendum morbi', '구편절판', '2021-05-18 00:00:00', '2020-12-27 00:00:00'),
	(731, '765967225-8', '소설', 'Wandie', 'Celestina', 'Feedfire', 185, 10524, 'noimage.jpg', 'curabitur convallis duis consequat dui nec nisi volutpat eleifend donec ut dolor morbi', '절판', '2020-12-18 00:00:00', '2020-10-17 00:00:00'),
	(732, '633238524-3', '소설', 'Galvin', 'Dory', 'Janyx', 113, 17101, 'noimage.jpg', 'at ipsum ac tellus semper interdum mauris ullamcorper purus sit amet nulla quisque arcu libero rutrum', '구편절판', '2021-08-20 00:00:00', '2021-03-10 00:00:00'),
	(733, '425747718-0', '여행', 'Natividad', 'Vassily', 'Thoughtbridge', 88, 25062, 'noimage.jpg', 'consequat nulla nisl nunc nisl duis bibendum felis sed interdum venenatis turpis enim blandit mi in porttitor pede', '품절', '2021-02-20 00:00:00', '2021-03-13 00:00:00'),
	(734, '759023338-2', '외국어', 'Jemmie', 'Ignazio', 'Dynabox', 432, 15784, 'noimage.jpg', 'morbi ut odio cras mi pede malesuada in imperdiet et commodo vulputate justo', '판매중', '2021-06-26 00:00:00', '2021-03-19 00:00:00'),
	(735, '203499181-8', '외국어', 'Rusty', 'Elliott', 'Fanoodle', 605, 24142, 'noimage.jpg', 'eget eleifend luctus ultricies eu nibh quisque id justo sit amet sapien dignissim vestibulum vestibulum ante ipsum', '구편절판', '2021-04-05 00:00:00', '2021-08-04 00:00:00'),
	(736, '322757818-2', '여행', 'Minnnie', 'Roana', 'Edgeclub', 125, 26613, 'noimage.jpg', 'aliquam convallis nunc proin at turpis a pede posuere nonummy integer non velit donec diam neque vestibulum eget', '판매중', '2020-12-14 00:00:00', '2021-01-20 00:00:00'),
	(737, '461629344-9', '경제', 'Court', 'Dud', 'Livetube', 969, 26527, 'noimage.jpg', 'odio porttitor id consequat in consequat ut nulla sed accumsan felis ut at', '판매중', '2021-05-11 00:00:00', '2021-01-22 00:00:00'),
	(738, '094500504-0', '외국어', 'Frederique', 'Fania', 'Yadel', 488, 18571, 'noimage.jpg', 'iaculis congue vivamus metus arcu adipiscing molestie hendrerit at vulputate vitae nisl', '판매중', '2021-03-26 00:00:00', '2020-10-22 00:00:00'),
	(739, '485573863-8', '외국어', 'Killie', 'Daveta', 'Browsetype', 321, 11519, 'noimage.jpg', 'id luctus nec molestie sed justo pellentesque viverra pede ac diam cras pellentesque volutpat dui', '판매중', '2020-09-30 00:00:00', '2020-11-03 00:00:00'),
	(740, '057951862-0', '소설', 'Lib', 'Peyton', 'Quatz', 93, 14133, 'noimage.jpg', 'interdum mauris ullamcorper purus sit amet nulla quisque arcu libero', '판매중', '2021-06-03 00:00:00', '2020-11-05 00:00:00'),
	(741, '852571927-7', '경제', 'Cary', 'Carrissa', 'Brightbean', 248, 17249, 'noimage.jpg', 'nascetur ridiculus mus etiam vel augue vestibulum rutrum rutrum neque aenean auctor gravida sem praesent', '절판', '2021-06-22 00:00:00', '2021-03-22 00:00:00'),
	(742, '061890862-5', '잡지', 'Jada', 'Mandie', 'Jaxbean', 456, 23205, 'noimage.jpg', 'in magna bibendum imperdiet nullam orci pede venenatis non sodales sed tincidunt eu felis fusce posuere felis sed lacus', '구편절판', '2021-02-10 00:00:00', '2021-09-21 00:00:00'),
	(743, '424166806-2', '만화', 'Audrye', 'Eudora', 'Jayo', 781, 10143, 'noimage.jpg', 'nulla mollis molestie lorem quisque ut erat curabitur gravida nisi', '판매중', '2020-12-25 00:00:00', '2021-06-27 00:00:00'),
	(744, '392957751-8', '잡지', 'Vail', 'Helena', 'Bubbletube', 69, 6927, 'noimage.jpg', 'semper rutrum nulla nunc purus phasellus in felis donec semper sapien', '품절', '2021-08-26 00:00:00', '2021-04-23 00:00:00'),
	(745, '824045741-X', '소설', 'Karleen', 'Rik', 'Topiczoom', 423, 20179, 'noimage.jpg', 'tellus semper interdum mauris ullamcorper purus sit amet nulla quisque arcu libero rutrum ac lobortis', '구편절판', '2021-02-27 00:00:00', '2021-03-18 00:00:00'),
	(746, '446666983-X', '소설', 'Woody', 'Kimmie', 'Oozz', 494, 6089, 'noimage.jpg', 'ante nulla justo aliquam quis turpis eget elit sodales scelerisque mauris sit amet eros suspendisse accumsan tortor', '구편절판', '2020-10-18 00:00:00', '2021-05-23 00:00:00'),
	(747, '099549438-X', '잡지', 'Nickolas', 'Ester', 'Nlounge', 169, 25421, 'noimage.jpg', 'magna vulputate luctus cum sociis natoque penatibus et magnis dis parturient montes nascetur ridiculus mus vivamus vestibulum sagittis', '품절', '2021-08-07 00:00:00', '2021-03-03 00:00:00'),
	(748, '469664065-5', '잡지', 'Neila', 'Thalia', 'Meezzy', 327, 16180, 'noimage.jpg', 'lobortis sapien sapien non mi integer ac neque duis bibendum morbi non quam nec dui luctus', '판매중', '2020-10-07 00:00:00', '2020-12-20 00:00:00'),
	(749, '734591742-8', '여행', 'Cordula', 'Tades', 'Lazzy', 566, 6221, 'noimage.jpg', 'ut dolor morbi vel lectus in quam fringilla rhoncus mauris enim leo rhoncus sed vestibulum sit amet cursus', '품절', '2021-05-18 00:00:00', '2021-06-10 00:00:00'),
	(750, '730563186-8', '소설', 'Auberta', 'Ermina', 'Meevee', 847, 22810, 'noimage.jpg', 'cum sociis natoque penatibus et magnis dis parturient montes nascetur ridiculus mus etiam vel augue vestibulum rutrum rutrum neque aenean', '구편절판', '2021-01-16 00:00:00', '2021-06-27 00:00:00'),
	(751, '085960210-9', '경제', 'Lyndsie', 'Nelie', 'Einti', 876, 5844, 'noimage.jpg', 'luctus nec molestie sed justo pellentesque viverra pede ac diam cras pellentesque volutpat dui maecenas tristique', '품절', '2021-08-21 00:00:00', '2021-05-14 00:00:00'),
	(752, '706428739-0', '만화', 'Basil', 'Jannel', 'Zoovu', 676, 24356, 'noimage.jpg', 'ultricies eu nibh quisque id justo sit amet sapien dignissim vestibulum vestibulum ante', '구편절판', '2021-07-15 00:00:00', '2021-01-01 00:00:00'),
	(753, '532050559-0', '여행', 'Gaston', 'Arda', 'Brightdog', 523, 11478, 'noimage.jpg', 'pede lobortis ligula sit amet eleifend pede libero quis orci nullam molestie nibh in', '판매중', '2020-10-21 00:00:00', '2020-11-15 00:00:00'),
	(754, '279034285-7', '여행', 'Sonny', 'Phillipp', 'Mycat', 675, 17139, 'noimage.jpg', 'sit amet eros suspendisse accumsan tortor quis turpis sed ante vivamus tortor duis mattis egestas metus aenean fermentum', '구편절판', '2021-04-19 00:00:00', '2021-01-25 00:00:00'),
	(755, '094366561-2', '경제', 'Loise', 'Tabina', 'Yakijo', 798, 20964, 'noimage.jpg', 'suscipit ligula in lacus curabitur at ipsum ac tellus semper interdum mauris ullamcorper purus sit', '품절', '2020-12-09 00:00:00', '2021-03-16 00:00:00'),
	(756, '993723593-6', '만화', 'Dew', 'Donnamarie', 'Livepath', 423, 14860, 'noimage.jpg', 'in ante vestibulum ante ipsum primis in faucibus orci luctus et ultrices posuere cubilia curae duis faucibus accumsan odio', '판매중', '2020-11-15 00:00:00', '2021-05-13 00:00:00'),
	(757, '583457775-X', '잡지', 'Mort', 'Merry', 'Kanoodle', 371, 8923, 'noimage.jpg', 'non mauris morbi non lectus aliquam sit amet diam in magna bibendum imperdiet nullam orci pede venenatis non', '절판', '2021-08-08 00:00:00', '2020-11-02 00:00:00'),
	(758, '453091306-6', '경제', 'Anatole', 'Cassius', 'Camimbo', 818, 9352, 'noimage.jpg', 'accumsan tellus nisi eu orci mauris lacinia sapien quis libero', '판매중', '2021-06-23 00:00:00', '2020-10-22 00:00:00'),
	(759, '525131425-6', '외국어', 'Kimball', 'Mari', 'Realbuzz', 123, 13304, 'noimage.jpg', 'in lectus pellentesque at nulla suspendisse potenti cras in purus eu magna vulputate luctus cum sociis natoque penatibus', '품절', '2020-11-24 00:00:00', '2020-12-01 00:00:00'),
	(760, '437016127-4', '만화', 'Bearnard', 'Nedi', 'Yakidoo', 386, 17000, 'FM.jpg', 'suspendisse potenti nullam porttitor lacus at turpis donec posuere metus vitae ipsum aliquam non', '구편절판', '2021-09-23 00:00:00', '2021-05-12 00:00:00'),
	(761, '667192835-5', '잡지', 'Ryley', 'Rosabel', 'Shufflebeat', 498, 16380, 'noimage.jpg', 'dui nec nisi volutpat eleifend donec ut dolor morbi vel lectus in quam fringilla rhoncus mauris enim leo rhoncus', '판매중', '2020-12-23 00:00:00', '2021-06-01 00:00:00'),
	(762, '503253674-1', '외국어', 'Harriette', 'Lusa', 'Skiba', 230, 23422, 'noimage.jpg', 'quam sollicitudin vitae consectetuer eget rutrum at lorem integer tincidunt ante vel ipsum praesent blandit lacinia erat', '절판', '2021-01-08 00:00:00', '2020-11-04 00:00:00'),
	(763, '645592962-4', '소설', 'Karly', 'Mina', 'Wordpedia', 333, 16616, 'noimage.jpg', 'consequat lectus in est risus auctor sed tristique in tempus sit amet', '절판', '2021-09-04 00:00:00', '2021-06-28 00:00:00'),
	(764, '409602909-2', '잡지', 'Mira', 'Chickie', 'Mita', 251, 9780, 'noimage.jpg', 'platea dictumst aliquam augue quam sollicitudin vitae consectetuer eget rutrum at lorem integer tincidunt', '절판', '2021-05-14 00:00:00', '2021-07-07 00:00:00'),
	(765, '372949273-X', '경제', 'Ellynn', 'Kristen', 'InnoZ', 267, 14206, 'noimage.jpg', 'sed justo pellentesque viverra pede ac diam cras pellentesque volutpat', '판매중', '2021-04-22 00:00:00', '2021-08-16 00:00:00'),
	(766, '591104649-0', '만화', 'Hakeem', 'Cherise', 'Rhyloo', 415, 28509, 'noimage.jpg', 'pellentesque volutpat dui maecenas tristique est et tempus semper est quam pharetra', '품절', '2021-01-02 00:00:00', '2021-08-10 00:00:00'),
	(767, '565971889-2', '잡지', 'Percival', 'Merrile', 'Zooxo', 729, 18731, 'noimage.jpg', 'ac neque duis bibendum morbi non quam nec dui luctus rutrum nulla tellus in sagittis dui vel nisl duis', '판매중', '2021-02-05 00:00:00', '2021-07-22 00:00:00'),
	(768, '825656803-8', '외국어', 'Benny', 'Eleonore', 'Feedfish', 38, 11817, 'noimage.jpg', 'elit proin interdum mauris non ligula pellentesque ultrices phasellus id sapien in sapien iaculis', '판매중', '2020-10-03 00:00:00', '2021-03-02 00:00:00'),
	(769, '981173349-X', '소설', 'Pennie', 'Aurelie', 'Vinte', 607, 6527, 'noimage.jpg', 'tempus sit amet sem fusce consequat nulla nisl nunc nisl duis bibendum felis sed interdum venenatis turpis enim', '품절', '2021-01-17 00:00:00', '2020-11-25 00:00:00'),
	(770, '907625870-8', '소설', 'Gennie', 'Neile', 'Skidoo', 896, 24075, 'noimage.jpg', 'neque duis bibendum morbi non quam nec dui luctus rutrum nulla tellus in sagittis dui vel', '절판', '2021-07-16 00:00:00', '2021-09-15 00:00:00'),
	(771, '279892660-2', '경제', 'Shae', 'Anselm', 'Skinix', 538, 6563, 'noimage.jpg', 'nisl nunc nisl duis bibendum felis sed interdum venenatis turpis enim blandit mi in', '품절', '2021-03-11 00:00:00', '2021-08-26 00:00:00'),
	(772, '715490316-3', '만화', 'Nertie', 'Orazio', 'Voonte', 882, 9936, 'noimage.jpg', 'enim leo rhoncus sed vestibulum sit amet cursus id turpis integer aliquet massa id lobortis convallis tortor', '구편절판', '2021-01-31 00:00:00', '2020-12-14 00:00:00'),
	(773, '232459893-0', '소설', 'Jackqueline', 'Katrine', 'Vimbo', 265, 7118, 'noimage.jpg', 'ut erat id mauris vulputate elementum nullam varius nulla facilisi', '구편절판', '2020-12-17 00:00:00', '2021-09-16 00:00:00'),
	(774, '976191892-0', '여행', 'Juana', 'Normie', 'Aivee', 363, 12001, 'noimage.jpg', 'posuere cubilia curae nulla dapibus dolor vel est donec odio justo sollicitudin ut suscipit a feugiat et eros vestibulum', '구편절판', '2021-04-10 00:00:00', '2020-11-29 00:00:00'),
	(775, '024859290-4', '경제', 'Larina', 'Rubi', 'Livetube', 608, 29928, 'noimage.jpg', 'in quis justo maecenas rhoncus aliquam lacus morbi quis tortor id nulla', '절판', '2020-10-20 00:00:00', '2020-12-22 00:00:00'),
	(776, '127457655-5', '만화', 'Torrence', 'Gayle', 'Skynoodle', 889, 5167, 'noimage.jpg', 'orci luctus et ultrices posuere cubilia curae donec pharetra magna vestibulum aliquet ultrices erat tortor sollicitudin mi', '품절', '2021-06-08 00:00:00', '2020-10-14 00:00:00'),
	(777, '224261173-9', '외국어', 'Franklyn', 'Nora', 'Teklist', 924, 25339, 'noimage.jpg', 'imperdiet nullam orci pede venenatis non sodales sed tincidunt eu felis fusce posuere felis sed lacus morbi sem mauris', '구편절판', '2020-12-18 00:00:00', '2021-05-09 00:00:00'),
	(778, '087164148-8', '외국어', 'Chaddie', 'Britt', 'Zoomlounge', 667, 11160, 'noimage.jpg', 'eros elementum pellentesque quisque porta volutpat erat quisque erat eros viverra eget congue eget', '구편절판', '2021-07-06 00:00:00', '2021-06-10 00:00:00'),
	(779, '838525955-4', '만화', 'Moss', 'Della', 'Yakitri', 256, 19541, 'noimage.jpg', 'cum sociis natoque penatibus et magnis dis parturient montes nascetur ridiculus mus vivamus vestibulum sagittis sapien cum sociis natoque penatibus', '구편절판', '2021-03-08 00:00:00', '2021-06-01 00:00:00'),
	(780, '068459279-7', '외국어', 'Alisander', 'Hermine', 'Kare', 771, 8015, 'noimage.jpg', 'ipsum aliquam non mauris morbi non lectus aliquam sit amet diam in magna bibendum imperdiet nullam orci pede venenatis non', '구편절판', '2021-02-08 00:00:00', '2021-01-14 00:00:00'),
	(781, '330380281-5', '여행', 'Gypsy', 'Elnar', 'Dazzlesphere', 492, 26678, 'noimage.jpg', 'molestie nibh in lectus pellentesque at nulla suspendisse potenti cras in purus eu magna vulputate luctus', '절판', '2021-01-23 00:00:00', '2020-11-21 00:00:00'),
	(782, '132956574-6', '소설', 'Christoffer', 'Twyla', 'Oloo', 337, 29842, 'noimage.jpg', 'suscipit ligula in lacus curabitur at ipsum ac tellus semper interdum mauris ullamcorper purus sit amet nulla quisque', '절판', '2021-05-14 00:00:00', '2021-05-07 00:00:00'),
	(783, '481474927-9', '만화', 'Marcia', 'Forest', 'Dazzlesphere', 895, 23662, 'noimage.jpg', 'orci vehicula condimentum curabitur in libero ut massa volutpat convallis morbi odio odio elementum eu interdum', '구편절판', '2021-01-27 00:00:00', '2021-03-11 00:00:00'),
	(784, '758976271-7', '잡지', 'Kailey', 'Collen', 'Layo', 914, 18645, 'noimage.jpg', 'semper interdum mauris ullamcorper purus sit amet nulla quisque arcu libero rutrum ac lobortis', '절판', '2021-09-08 00:00:00', '2021-01-12 00:00:00'),
	(785, '773684173-X', '경제', 'Ludovico', 'Ari', 'Centizu', 903, 20369, 'noimage.jpg', 'eu tincidunt in leo maecenas pulvinar lobortis est phasellus sit amet erat', '구편절판', '2021-04-27 00:00:00', '2020-10-22 00:00:00'),
	(786, '664831988-7', '여행', 'Ervin', 'Salaidh', 'Fivespan', 380, 23065, 'noimage.jpg', 'diam cras pellentesque volutpat dui maecenas tristique est et tempus semper est quam pharetra magna ac consequat metus', '품절', '2021-05-28 00:00:00', '2021-06-10 00:00:00'),
	(787, '963551868-4', '소설', 'Mead', 'Cody', 'Meejo', 347, 22514, 'noimage.jpg', 'in tempus sit amet sem fusce consequat nulla nisl nunc nisl duis bibendum felis sed', '품절', '2021-04-16 00:00:00', '2021-07-11 00:00:00'),
	(788, '652594350-7', '경제', 'Elisabet', 'Xaviera', 'Bubblemix', 499, 27949, 'noimage.jpg', 'cum sociis natoque penatibus et magnis dis parturient montes nascetur ridiculus mus etiam vel augue vestibulum rutrum rutrum neque aenean', '구편절판', '2020-12-19 00:00:00', '2021-07-07 00:00:00'),
	(789, '190843679-4', '외국어', 'Noel', 'Rodrique', 'Tagcat', 668, 29359, 'noimage.jpg', 'tempus vel pede morbi porttitor lorem id ligula suspendisse ornare', '구편절판', '2021-06-18 00:00:00', '2021-08-03 00:00:00'),
	(790, '526598823-8', '잡지', 'Tasia', 'Morgun', 'Ozu', 513, 28273, 'noimage.jpg', 'quisque porta volutpat erat quisque erat eros viverra eget congue eget semper rutrum nulla nunc purus phasellus in', '절판', '2021-02-27 00:00:00', '2021-09-07 00:00:00'),
	(791, '456824540-0', '소설', 'Lacy', 'Carlynn', 'Yodel', 516, 19066, 'noimage.jpg', 'praesent id massa id nisl venenatis lacinia aenean sit amet justo morbi', '판매중', '2021-01-26 00:00:00', '2021-04-22 00:00:00'),
	(792, '525602150-8', '소설', 'Wallie', 'Sheila', 'Aibox', 230, 16240, 'noimage.jpg', 'ligula sit amet eleifend pede libero quis orci nullam molestie nibh in lectus pellentesque at nulla suspendisse potenti', '판매중', '2021-01-08 00:00:00', '2021-06-14 00:00:00'),
	(793, '933428057-3', '만화', 'Steffie', 'Karole', 'Fiveclub', 44, 12074, 'noimage.jpg', 'lorem integer tincidunt ante vel ipsum praesent blandit lacinia erat vestibulum sed magna at nunc', '절판', '2021-01-09 00:00:00', '2020-09-28 00:00:00'),
	(794, '133190798-5', '잡지', 'Hamnet', 'Cymbre', 'Edgepulse', 107, 24931, 'noimage.jpg', 'sapien dignissim vestibulum vestibulum ante ipsum primis in faucibus orci', '구편절판', '2021-07-20 00:00:00', '2021-06-20 00:00:00'),
	(795, '731232253-0', '만화', 'Nanny', 'Thia', 'Abatz', 474, 24489, 'noimage.jpg', 'hac habitasse platea dictumst maecenas ut massa quis augue luctus', '절판', '2021-03-10 00:00:00', '2021-05-12 00:00:00'),
	(796, '512441695-5', '외국어', 'Ravid', 'Weylin', 'Edgepulse', 940, 5774, 'noimage.jpg', 'nullam molestie nibh in lectus pellentesque at nulla suspendisse potenti cras in purus', '절판', '2021-04-04 00:00:00', '2021-05-10 00:00:00'),
	(797, '559041785-6', '외국어', 'Charlotte', 'Mal', 'Voolia', 255, 23408, 'noimage.jpg', 'sapien dignissim vestibulum vestibulum ante ipsum primis in faucibus orci luctus et ultrices posuere cubilia', '절판', '2021-04-05 00:00:00', '2021-07-11 00:00:00'),
	(798, '631872384-6', '만화', 'Joyan', 'Wald', 'Kazu', 512, 20485, 'noimage.jpg', 'justo sit amet sapien dignissim vestibulum vestibulum ante ipsum primis in faucibus orci', '판매중', '2021-01-25 00:00:00', '2021-09-09 00:00:00'),
	(799, '872356810-0', '잡지', 'Daryl', 'Inglis', 'Geba', 722, 19370, 'noimage.jpg', 'magna vulputate luctus cum sociis natoque penatibus et magnis dis parturient montes nascetur ridiculus mus vivamus vestibulum', '절판', '2021-04-14 00:00:00', '2021-09-12 00:00:00'),
	(800, '855831525-6', '소설', 'Georgeta', 'Paule', 'Photobug', 136, 29390, 'noimage.jpg', 'faucibus cursus urna ut tellus nulla ut erat id mauris vulputate elementum nullam varius nulla facilisi cras non', '판매중', '2021-02-01 00:00:00', '2021-05-31 00:00:00'),
	(801, '140269846-1', '잡지', 'Cornie', 'Ase', 'Twinder', 571, 16193, 'noimage.jpg', 'elementum eu interdum eu tincidunt in leo maecenas pulvinar lobortis', '품절', '2021-09-09 00:00:00', '2020-10-31 00:00:00'),
	(802, '005173772-8', '잡지', 'Wrennie', 'Pauline', 'Tagpad', 1000, 9318, 'noimage.jpg', 'quisque erat eros viverra eget congue eget semper rutrum nulla nunc purus phasellus in felis donec semper sapien a', '절판', '2020-12-01 00:00:00', '2021-09-02 00:00:00'),
	(803, '667789444-4', '잡지', 'Mina', 'Lise', 'Leexo', 386, 29797, 'noimage.jpg', 'curae duis faucibus accumsan odio curabitur convallis duis consequat dui nec', '품절', '2021-08-29 00:00:00', '2021-06-20 00:00:00'),
	(804, '375126286-5', '경제', 'Afton', 'Amabelle', 'Eire', 816, 7009, 'noimage.jpg', 'odio condimentum id luctus nec molestie sed justo pellentesque viverra pede ac diam cras', '절판', '2021-07-22 00:00:00', '2021-08-19 00:00:00'),
	(805, '714464880-2', '소설', 'Katey', 'Garek', 'Trilia', 694, 6390, 'noimage.jpg', 'amet turpis elementum ligula vehicula consequat morbi a ipsum integer a nibh in quis', '품절', '2020-12-18 00:00:00', '2021-07-27 00:00:00'),
	(806, '169603432-9', '잡지', 'Kellen', 'Emilee', 'Feedspan', 691, 29710, 'noimage.jpg', 'montes nascetur ridiculus mus vivamus vestibulum sagittis sapien cum sociis natoque penatibus et magnis dis', '절판', '2021-01-04 00:00:00', '2021-03-29 00:00:00'),
	(807, '922140677-6', '소설', 'Archaimbaud', 'Eadith', 'Edgepulse', 542, 20929, 'noimage.jpg', 'vivamus vel nulla eget eros elementum pellentesque quisque porta volutpat erat quisque erat eros viverra eget', '구편절판', '2021-05-30 00:00:00', '2021-03-02 00:00:00'),
	(808, '446219317-2', '경제', 'Rori', 'Aggy', 'Twitterbridge', 244, 15974, 'noimage.jpg', 'proin risus praesent lectus vestibulum quam sapien varius ut blandit non interdum in ante', '구편절판', '2020-11-21 00:00:00', '2021-07-17 00:00:00'),
	(809, '902107235-1', '여행', 'Cesaro', 'Malynda', 'Tagopia', 622, 10593, 'noimage.jpg', 'a feugiat et eros vestibulum ac est lacinia nisi venenatis tristique fusce congue diam id ornare', '구편절판', '2021-04-25 00:00:00', '2021-06-23 00:00:00'),
	(810, '142240656-3', '소설', 'Harmony', 'Belle', 'Kwilith', 811, 22512, 'noimage.jpg', 'convallis duis consequat dui nec nisi volutpat eleifend donec ut dolor morbi vel', '품절', '2021-05-21 00:00:00', '2021-07-31 00:00:00'),
	(811, '583035460-8', '잡지', 'Poppy', 'Malinda', 'Gabtype', 81, 17334, 'noimage.jpg', 'dictumst aliquam augue quam sollicitudin vitae consectetuer eget rutrum at lorem', '절판', '2021-01-14 00:00:00', '2021-01-21 00:00:00'),
	(812, '478274424-2', '외국어', 'Cammy', 'Cyril', 'Jabbercube', 978, 12243, 'noimage.jpg', 'integer non velit donec diam neque vestibulum eget vulputate ut ultrices vel augue', '품절', '2021-03-15 00:00:00', '2021-03-31 00:00:00'),
	(813, '578433549-9', '여행', 'Cilka', 'Allyn', 'Blogpad', 624, 13022, 'noimage.jpg', 'odio curabitur convallis duis consequat dui nec nisi volutpat eleifend donec ut dolor morbi vel lectus in quam', '품절', '2021-09-03 00:00:00', '2020-11-17 00:00:00'),
	(814, '974784648-9', '잡지', 'Tatiana', 'Aimee', 'Tagopia', 929, 22875, 'noimage.jpg', 'mattis odio donec vitae nisi nam ultrices libero non mattis', '구편절판', '2021-05-13 00:00:00', '2021-04-28 00:00:00'),
	(815, '892014856-2', '잡지', 'Kandy', 'Brigit', 'Photobug', 971, 16915, 'noimage.jpg', 'nulla ut erat id mauris vulputate elementum nullam varius nulla facilisi cras non velit', '절판', '2021-05-16 00:00:00', '2021-07-15 00:00:00'),
	(816, '791403147-X', '경제', 'Remy', 'Shepherd', 'Livetube', 832, 29398, 'noimage.jpg', 'in hac habitasse platea dictumst morbi vestibulum velit id pretium iaculis diam erat fermentum justo', '절판', '2020-11-04 00:00:00', '2020-11-30 00:00:00'),
	(817, '228203691-3', '경제', 'Franny', 'Arlin', 'Trudoo', 168, 13347, 'noimage.jpg', 'eu sapien cursus vestibulum proin eu mi nulla ac enim in tempor turpis nec euismod scelerisque', '품절', '2021-05-26 00:00:00', '2020-12-27 00:00:00'),
	(818, '654886356-9', '잡지', 'Courtney', 'Kaila', 'Eayo', 470, 27896, 'noimage.jpg', 'augue luctus tincidunt nulla mollis molestie lorem quisque ut erat curabitur gravida nisi at nibh in hac habitasse', '절판', '2020-12-04 00:00:00', '2021-09-08 00:00:00'),
	(819, '011600159-3', '잡지', 'Constancia', 'Loreen', 'Jaxworks', 364, 21540, 'noimage.jpg', 'dolor quis odio consequat varius integer ac leo pellentesque ultrices mattis', '품절', '2020-10-02 00:00:00', '2021-07-18 00:00:00'),
	(820, '194082622-5', '만화', 'Darcy', 'Kalli', 'Cogilith', 96, 22565, 'noimage.jpg', 'vel augue vestibulum rutrum rutrum neque aenean auctor gravida sem', '품절', '2021-01-20 00:00:00', '2021-08-01 00:00:00'),
	(821, '782301034-8', '만화', 'Sonia', 'Natal', 'Innotype', 359, 16836, 'noimage.jpg', 'eget eros elementum pellentesque quisque porta volutpat erat quisque erat eros', '판매중', '2020-12-29 00:00:00', '2020-12-06 00:00:00'),
	(822, '721006019-7', '만화', 'Aguistin', 'Killy', 'Centizu', 971, 15785, 'noimage.jpg', 'nullam sit amet turpis elementum ligula vehicula consequat morbi a ipsum integer a nibh in quis justo maecenas', '품절', '2021-07-16 00:00:00', '2021-08-08 00:00:00'),
	(823, '992189048-4', '경제', 'Ruttger', 'Hal', 'Rhynyx', 341, 13156, 'noimage.jpg', 'leo maecenas pulvinar lobortis est phasellus sit amet erat nulla tempus vivamus in felis', '판매중', '2020-10-08 00:00:00', '2020-10-09 00:00:00'),
	(824, '992249894-4', '잡지', 'Evania', 'Ravi', 'Buzzbean', 419, 23668, 'noimage.jpg', 'ut erat id mauris vulputate elementum nullam varius nulla facilisi cras non velit nec', '품절', '2021-01-15 00:00:00', '2020-09-27 00:00:00'),
	(825, '319230227-5', '만화', 'Lolita', 'Chane', 'Photojam', 977, 29541, 'noimage.jpg', 'ac consequat metus sapien ut nunc vestibulum ante ipsum primis in faucibus orci luctus et ultrices posuere cubilia curae', '구편절판', '2021-03-31 00:00:00', '2021-02-05 00:00:00'),
	(826, '524651101-4', '외국어', 'Edgardo', 'D\'arcy', 'Flipbug', 866, 28201, 'noimage.jpg', 'mollis molestie lorem quisque ut erat curabitur gravida nisi at', '구편절판', '2021-09-17 00:00:00', '2021-04-20 00:00:00'),
	(827, '305167982-8', '만화', 'Darn', 'Desdemona', 'Centimia', 240, 11805, 'noimage.jpg', 'primis in faucibus orci luctus et ultrices posuere cubilia curae nulla', '절판', '2020-12-04 00:00:00', '2021-01-15 00:00:00'),
	(828, '770034585-6', '소설', 'Karole', 'Kyle', 'Topiczoom', 498, 25735, 'noimage.jpg', 'augue luctus tincidunt nulla mollis molestie lorem quisque ut erat curabitur gravida nisi at', '판매중', '2020-10-22 00:00:00', '2021-01-31 00:00:00'),
	(829, '816149287-5', '잡지', 'Brinn', 'Artus', 'Quire', 856, 14870, 'noimage.jpg', 'lacus at velit vivamus vel nulla eget eros elementum pellentesque quisque porta volutpat erat quisque', '판매중', '2021-01-14 00:00:00', '2020-12-05 00:00:00'),
	(830, '589833773-3', '만화', 'Zachary', 'Tabbi', 'Yata', 951, 13054, 'noimage.jpg', 'cum sociis natoque penatibus et magnis dis parturient montes nascetur ridiculus mus vivamus vestibulum', '판매중', '2021-03-04 00:00:00', '2020-11-27 00:00:00'),
	(831, '365103831-9', '소설', 'Jammie', 'Gottfried', 'Jaxworks', 217, 17977, 'noimage.jpg', 'lacinia erat vestibulum sed magna at nunc commodo placerat praesent blandit nam nulla integer', '절판', '2020-11-06 00:00:00', '2020-11-28 00:00:00'),
	(832, '659018065-2', '여행', 'Rubetta', 'Marga', 'Divape', 833, 10400, 'noimage.jpg', 'vestibulum ante ipsum primis in faucibus orci luctus et ultrices posuere cubilia', '구편절판', '2020-12-02 00:00:00', '2021-08-29 00:00:00'),
	(833, '236216422-5', '소설', 'Mathilde', 'Marylinda', 'Demivee', 199, 20174, 'noimage.jpg', 'ornare imperdiet sapien urna pretium nisl ut volutpat sapien arcu sed augue aliquam erat volutpat in congue etiam justo', '구편절판', '2021-02-12 00:00:00', '2020-10-01 00:00:00'),
	(834, '384334021-8', '소설', 'Ignacio', 'Mabelle', 'Skippad', 147, 28579, 'noimage.jpg', 'at nibh in hac habitasse platea dictumst aliquam augue quam sollicitudin vitae consectetuer eget rutrum at lorem integer', '판매중', '2021-03-09 00:00:00', '2021-01-19 00:00:00'),
	(835, '936583563-1', '만화', 'Jim', 'Verine', 'Topdrive', 286, 13419, 'noimage.jpg', 'convallis morbi odio odio elementum eu interdum eu tincidunt in leo maecenas pulvinar lobortis', '품절', '2021-08-25 00:00:00', '2021-06-17 00:00:00'),
	(836, '156801227-6', '만화', 'Jasen', 'Rae', 'Skiptube', 817, 29898, 'noimage.jpg', 'auctor gravida sem praesent id massa id nisl venenatis lacinia aenean sit amet justo', '구편절판', '2021-06-30 00:00:00', '2021-07-28 00:00:00'),
	(837, '242667502-0', '외국어', 'Paolina', 'Keslie', 'Aimbu', 934, 16951, 'noimage.jpg', 'id ornare imperdiet sapien urna pretium nisl ut volutpat sapien arcu sed', '판매중', '2020-12-06 00:00:00', '2021-03-19 00:00:00'),
	(838, '068088887-X', '만화', 'Maury', 'Ahmed', 'Kazio', 35, 15992, 'noimage.jpg', 'est et tempus semper est quam pharetra magna ac consequat metus sapien ut nunc vestibulum ante ipsum primis in faucibus', '판매중', '2021-01-28 00:00:00', '2020-10-14 00:00:00'),
	(839, '165910551-X', '외국어', 'Allyn', 'Tanitansy', 'Rhynyx', 732, 7096, 'noimage.jpg', 'et tempus semper est quam pharetra magna ac consequat metus sapien ut nunc vestibulum ante ipsum', '품절', '2021-07-10 00:00:00', '2021-07-27 00:00:00'),
	(840, '372868448-1', '외국어', 'Fayre', 'Gaylor', 'Wordify', 745, 17276, 'noimage.jpg', 'lacus morbi sem mauris laoreet ut rhoncus aliquet pulvinar sed nisl nunc rhoncus dui vel sem', '절판', '2020-11-30 00:00:00', '2021-03-01 00:00:00'),
	(841, '843832161-5', '여행', 'Cassius', 'Leon', 'Demimbu', 306, 20638, 'noimage.jpg', 'accumsan tellus nisi eu orci mauris lacinia sapien quis libero nullam sit', '구편절판', '2020-12-06 00:00:00', '2021-09-17 00:00:00'),
	(842, '264558165-X', '여행', 'Nerita', 'Hort', 'Twinder', 317, 29543, 'noimage.jpg', 'proin eu mi nulla ac enim in tempor turpis nec euismod scelerisque quam turpis adipiscing lorem vitae mattis', '구편절판', '2021-03-10 00:00:00', '2021-01-09 00:00:00'),
	(843, '220872165-9', '외국어', 'Taite', 'Gwennie', 'Pixonyx', 514, 22570, 'noimage.jpg', 'vestibulum sagittis sapien cum sociis natoque penatibus et magnis dis parturient montes nascetur ridiculus mus etiam vel augue vestibulum rutrum', '품절', '2021-07-14 00:00:00', '2021-01-07 00:00:00'),
	(844, '330949814-X', '경제', 'Jake', 'Prent', 'Linktype', 186, 29055, 'noimage.jpg', 'pulvinar sed nisl nunc rhoncus dui vel sem sed sagittis nam', '판매중', '2020-11-23 00:00:00', '2021-01-25 00:00:00'),
	(845, '811631243-X', '여행', 'Colene', 'Herb', 'Buzzdog', 950, 20081, 'noimage.jpg', 'id consequat in consequat ut nulla sed accumsan felis ut at dolor quis odio consequat varius integer ac leo pellentesque', '품절', '2020-11-14 00:00:00', '2021-05-23 00:00:00'),
	(846, '719975145-1', '만화', 'Jolynn', 'Carlyn', 'Eayo', 17, 9236, 'noimage.jpg', 'id mauris vulputate elementum nullam varius nulla facilisi cras non velit nec nisi vulputate', '절판', '2020-10-03 00:00:00', '2021-05-04 00:00:00'),
	(847, '595251663-7', '소설', 'Toby', 'Robinetta', 'Aivee', 275, 5809, 'noimage.jpg', 'ac nulla sed vel enim sit amet nunc viverra dapibus nulla suscipit ligula in lacus curabitur at ipsum ac tellus', '구편절판', '2021-05-08 00:00:00', '2020-09-24 00:00:00'),
	(848, '704924798-7', '잡지', 'Sisely', 'Enos', 'Oyoba', 698, 26756, 'noimage.jpg', 'purus phasellus in felis donec semper sapien a libero nam dui', '판매중', '2020-11-08 00:00:00', '2020-12-16 00:00:00'),
	(849, '659096170-0', '여행', 'Merrile', 'Sheffie', 'Dynabox', 823, 15935, 'noimage.jpg', 'lectus pellentesque at nulla suspendisse potenti cras in purus eu magna vulputate luctus cum', '구편절판', '2021-06-05 00:00:00', '2020-10-26 00:00:00'),
	(850, '126250914-9', '여행', 'Agatha', 'Grove', 'Layo', 478, 14892, 'noimage.jpg', 'sagittis sapien cum sociis natoque penatibus et magnis dis parturient montes', '절판', '2020-11-13 00:00:00', '2021-06-26 00:00:00'),
	(851, '880978230-5', '잡지', 'Brewer', 'Rosamund', 'Trunyx', 663, 13454, 'noimage.jpg', 'sapien sapien non mi integer ac neque duis bibendum morbi non quam nec dui luctus rutrum nulla tellus in sagittis', '절판', '2021-07-02 00:00:00', '2021-07-23 00:00:00'),
	(852, '906257599-4', '소설', 'Marchall', 'Kamillah', 'Youspan', 311, 12740, 'noimage.jpg', 'pellentesque ultrices mattis odio donec vitae nisi nam ultrices libero non mattis pulvinar nulla pede ullamcorper augue a suscipit nulla', '절판', '2020-11-13 00:00:00', '2021-02-14 00:00:00'),
	(853, '114372589-1', '만화', 'Cristian', 'Nataniel', 'Twinder', 119, 20886, 'noimage.jpg', 'varius integer ac leo pellentesque ultrices mattis odio donec vitae nisi nam ultrices libero non mattis', '구편절판', '2021-07-19 00:00:00', '2021-02-06 00:00:00'),
	(854, '205437103-3', '잡지', 'Dahlia', 'Brooks', 'Skilith', 420, 24968, 'noimage.jpg', 'in blandit ultrices enim lorem ipsum dolor sit amet consectetuer', '품절', '2021-05-06 00:00:00', '2020-10-17 00:00:00'),
	(855, '027486691-9', '경제', 'Latrena', 'Karel', 'Gabvine', 711, 15300, 'noimage.jpg', 'tincidunt ante vel ipsum praesent blandit lacinia erat vestibulum sed magna', '품절', '2020-10-19 00:00:00', '2020-12-26 00:00:00'),
	(856, '402862757-5', '외국어', 'Alena', 'Armand', 'Eidel', 580, 22581, 'noimage.jpg', 'nibh in hac habitasse platea dictumst aliquam augue quam sollicitudin', '절판', '2021-03-05 00:00:00', '2020-12-26 00:00:00'),
	(857, '126132157-X', '소설', 'Hugibert', 'Cloris', 'Meedoo', 771, 13429, 'noimage.jpg', 'lectus in quam fringilla rhoncus mauris enim leo rhoncus sed vestibulum sit amet cursus', '절판', '2020-09-30 00:00:00', '2021-08-28 00:00:00'),
	(858, '888065023-8', '잡지', 'Amye', 'Terry', 'Realfire', 254, 23315, 'noimage.jpg', 'mi pede malesuada in imperdiet et commodo vulputate justo in blandit ultrices enim lorem', '절판', '2020-11-17 00:00:00', '2021-04-19 00:00:00'),
	(859, '801934031-9', '소설', 'Kennith', 'Trudi', 'Katz', 959, 25807, 'noimage.jpg', 'sed justo pellentesque viverra pede ac diam cras pellentesque volutpat dui maecenas tristique est et tempus semper est quam pharetra', '판매중', '2021-01-28 00:00:00', '2021-03-23 00:00:00'),
	(860, '284218107-7', '외국어', 'Stacia', 'Selle', 'Tazzy', 112, 25517, 'noimage.jpg', 'amet turpis elementum ligula vehicula consequat morbi a ipsum integer a nibh in quis justo maecenas', '구편절판', '2020-12-20 00:00:00', '2020-11-09 00:00:00'),
	(861, '144097937-5', '외국어', 'Teddy', 'Billy', 'Riffpedia', 848, 21158, 'noimage.jpg', 'penatibus et magnis dis parturient montes nascetur ridiculus mus vivamus vestibulum sagittis sapien cum sociis natoque penatibus', '구편절판', '2021-05-29 00:00:00', '2021-03-03 00:00:00'),
	(862, '630369501-9', '여행', 'Harper', 'Jenine', 'Pixoboo', 704, 15985, 'noimage.jpg', 'sem mauris laoreet ut rhoncus aliquet pulvinar sed nisl nunc', '품절', '2021-03-24 00:00:00', '2021-06-11 00:00:00'),
	(863, '838308786-1', '여행', 'Dylan', 'Lexi', 'Mymm', 540, 9690, 'noimage.jpg', 'rhoncus sed vestibulum sit amet cursus id turpis integer aliquet massa id lobortis convallis tortor', '품절', '2021-02-07 00:00:00', '2021-05-02 00:00:00'),
	(864, '033180995-8', '여행', 'Raffaello', 'Jasper', 'Tanoodle', 339, 11825, 'noimage.jpg', 'maecenas tristique est et tempus semper est quam pharetra magna ac consequat metus', '구편절판', '2021-03-21 00:00:00', '2021-07-14 00:00:00'),
	(865, '320915075-3', '소설', 'Korney', 'Evvie', 'Gevee', 641, 5490, 'noimage.jpg', 'ultrices posuere cubilia curae donec pharetra magna vestibulum aliquet ultrices erat tortor sollicitudin mi sit amet lobortis', '품절', '2021-02-21 00:00:00', '2020-10-05 00:00:00'),
	(866, '036539829-2', '잡지', 'Mortie', 'Hersh', 'Eayo', 353, 15529, 'noimage.jpg', 'congue elementum in hac habitasse platea dictumst morbi vestibulum velit id pretium', '품절', '2021-08-05 00:00:00', '2021-03-18 00:00:00'),
	(867, '580544582-4', '외국어', 'Kacy', 'Cassius', 'Kwilith', 97, 19916, 'noimage.jpg', 'ante vestibulum ante ipsum primis in faucibus orci luctus et ultrices posuere cubilia curae duis', '구편절판', '2021-08-29 00:00:00', '2021-02-22 00:00:00'),
	(868, '127365722-5', '만화', 'Chloe', 'Emilio', 'Voonyx', 944, 8085, 'noimage.jpg', 'id mauris vulputate elementum nullam varius nulla facilisi cras non velit', '품절', '2020-11-22 00:00:00', '2021-06-12 00:00:00'),
	(869, '710208141-3', '소설', 'Bendick', 'Edgard', 'Edgeclub', 47, 22231, 'noimage.jpg', 'eget eleifend luctus ultricies eu nibh quisque id justo sit amet', '품절', '2021-08-27 00:00:00', '2021-09-06 00:00:00'),
	(870, '924156065-7', '소설', 'Lemmy', 'Bendick', 'Youspan', 915, 19031, 'noimage.jpg', 'eleifend quam a odio in hac habitasse platea dictumst maecenas ut massa', '절판', '2020-11-22 00:00:00', '2021-06-21 00:00:00'),
	(871, '650623841-0', '외국어', 'Eveline', 'Dael', 'Kare', 874, 20033, 'noimage.jpg', 'at lorem integer tincidunt ante vel ipsum praesent blandit lacinia erat vestibulum sed magna at nunc', '품절', '2021-04-11 00:00:00', '2020-10-13 00:00:00'),
	(872, '279101633-3', '소설', 'Dave', 'Rad', 'Skynoodle', 67, 19440, 'noimage.jpg', 'vulputate elementum nullam varius nulla facilisi cras non velit nec nisi vulputate nonummy maecenas tincidunt', '절판', '2021-01-20 00:00:00', '2021-03-15 00:00:00'),
	(873, '171841186-3', '소설', 'Lynn', 'Gwendolin', 'Innotype', 726, 13247, 'noimage.jpg', 'pellentesque quisque porta volutpat erat quisque erat eros viverra eget congue eget semper rutrum nulla nunc', '판매중', '2021-03-13 00:00:00', '2021-02-21 00:00:00'),
	(874, '371986999-7', '소설', 'Elvyn', 'Mickie', 'Babbleopia', 765, 6689, 'noimage.jpg', 'adipiscing elit proin interdum mauris non ligula pellentesque ultrices phasellus', '구편절판', '2021-03-15 00:00:00', '2021-09-17 00:00:00'),
	(875, '335653780-6', '소설', 'Frankie', 'Aurelie', 'Flipopia', 999, 29775, 'noimage.jpg', 'viverra eget congue eget semper rutrum nulla nunc purus phasellus in felis', '판매중', '2021-05-15 00:00:00', '2021-03-30 00:00:00'),
	(876, '238240826-X', '잡지', 'Roxanne', 'Denna', 'Jayo', 857, 28649, 'noimage.jpg', 'rutrum nulla nunc purus phasellus in felis donec semper sapien a libero nam dui proin leo odio porttitor id', '판매중', '2021-02-26 00:00:00', '2021-01-13 00:00:00'),
	(877, '652772085-8', '외국어', 'Steffane', 'Willdon', 'Fiveclub', 684, 6072, 'noimage.jpg', 'id massa id nisl venenatis lacinia aenean sit amet justo morbi ut odio cras mi', '절판', '2021-01-10 00:00:00', '2020-12-14 00:00:00'),
	(878, '780052736-0', '여행', 'Mercy', 'Marsiella', 'Dabvine', 330, 16991, 'noimage.jpg', 'vestibulum ante ipsum primis in faucibus orci luctus et ultrices posuere cubilia curae mauris', '품절', '2021-01-17 00:00:00', '2020-10-27 00:00:00'),
	(879, '867161255-4', '경제', 'Winny', 'Ulysses', 'Eazzy', 487, 20343, 'noimage.jpg', 'in faucibus orci luctus et ultrices posuere cubilia curae mauris viverra diam vitae quam suspendisse potenti nullam porttitor', '절판', '2021-02-19 00:00:00', '2020-10-27 00:00:00'),
	(880, '997239817-X', '만화', 'Fidelity', 'Milton', 'Innotype', 391, 8012, 'noimage.jpg', 'non interdum in ante vestibulum ante ipsum primis in faucibus orci luctus et ultrices posuere cubilia curae duis', '절판', '2021-06-27 00:00:00', '2021-04-10 00:00:00'),
	(881, '091888412-8', '소설', 'Farris', 'Natividad', 'Zooveo', 307, 20080, 'noimage.jpg', 'penatibus et magnis dis parturient montes nascetur ridiculus mus etiam vel augue vestibulum rutrum rutrum', '절판', '2021-05-31 00:00:00', '2021-08-20 00:00:00'),
	(882, '735592565-2', '소설', 'Camel', 'Emeline', 'Dynazzy', 828, 19324, 'noimage.jpg', 'sed vestibulum sit amet cursus id turpis integer aliquet massa id lobortis convallis', '구편절판', '2021-06-05 00:00:00', '2020-12-30 00:00:00'),
	(883, '904029231-0', '여행', 'Gregg', 'Evan', 'Aimbo', 929, 13121, 'noimage.jpg', 'cubilia curae nulla dapibus dolor vel est donec odio justo sollicitudin ut suscipit a', '품절', '2020-12-23 00:00:00', '2021-07-23 00:00:00'),
	(884, '738874436-3', '소설', 'Donelle', 'Lannie', 'DabZ', 917, 9719, 'noimage.jpg', 'ante ipsum primis in faucibus orci luctus et ultrices posuere cubilia curae duis faucibus accumsan odio curabitur convallis duis consequat', '구편절판', '2020-10-27 00:00:00', '2021-04-06 00:00:00'),
	(885, '044884612-8', '경제', 'Dacia', 'Danit', 'Devpulse', 935, 26956, 'noimage.jpg', 'tellus nulla ut erat id mauris vulputate elementum nullam varius nulla facilisi', '구편절판', '2021-03-03 00:00:00', '2021-06-21 00:00:00'),
	(886, '806485928-X', '외국어', 'Gardner', 'Gayelord', 'Linklinks', 788, 20620, 'noimage.jpg', 'pede justo lacinia eget tincidunt eget tempus vel pede morbi porttitor lorem id ligula', '품절', '2021-06-02 00:00:00', '2021-08-11 00:00:00'),
	(887, '579882395-4', '경제', 'Roderich', 'Thebault', 'Mydeo', 300, 7684, 'noimage.jpg', 'hac habitasse platea dictumst maecenas ut massa quis augue luctus tincidunt nulla mollis molestie', '품절', '2021-03-18 00:00:00', '2021-01-17 00:00:00'),
	(888, '837198225-9', '여행', 'Rachelle', 'Windham', 'Voomm', 603, 21489, 'noimage.jpg', 'accumsan felis ut at dolor quis odio consequat varius integer ac leo pellentesque ultrices mattis odio', '절판', '2021-07-26 00:00:00', '2021-02-14 00:00:00'),
	(889, '827773293-7', '만화', 'Wilone', 'Pat', 'Voonte', 570, 5014, 'noimage.jpg', 'odio in hac habitasse platea dictumst maecenas ut massa quis augue luctus tincidunt nulla mollis molestie lorem', '구편절판', '2021-08-13 00:00:00', '2020-11-04 00:00:00'),
	(890, '741031122-3', '만화', 'Aluino', 'Gilli', 'Browsebug', 47, 25188, 'noimage.jpg', 'dolor quis odio consequat varius integer ac leo pellentesque ultrices mattis odio donec', '판매중', '2020-12-20 00:00:00', '2020-10-07 00:00:00'),
	(891, '132783281-X', '소설', 'Verne', 'Polly', 'Browsebug', 835, 21623, 'noimage.jpg', 'eu interdum eu tincidunt in leo maecenas pulvinar lobortis est phasellus sit amet erat nulla tempus', '판매중', '2021-04-26 00:00:00', '2021-01-26 00:00:00'),
	(892, '301069531-4', '경제', 'Loydie', 'Monah', 'Jabbersphere', 131, 24875, 'noimage.jpg', 'vitae nisi nam ultrices libero non mattis pulvinar nulla pede ullamcorper augue a suscipit nulla elit ac nulla sed', '구편절판', '2021-03-02 00:00:00', '2020-11-06 00:00:00'),
	(893, '842237804-3', '잡지', 'Fabe', 'Mandy', 'Skilith', 68, 11122, 'noimage.jpg', 'luctus et ultrices posuere cubilia curae duis faucibus accumsan odio curabitur convallis duis consequat', '절판', '2021-03-26 00:00:00', '2020-11-09 00:00:00'),
	(894, '484066866-3', '경제', 'Adore', 'Christine', 'Skippad', 122, 5577, 'noimage.jpg', 'cras pellentesque volutpat dui maecenas tristique est et tempus semper est quam pharetra magna ac consequat metus', '판매중', '2021-05-19 00:00:00', '2021-01-13 00:00:00'),
	(895, '616999696-X', '잡지', 'Alyson', 'Hermann', 'Zoonoodle', 38, 22189, 'noimage.jpg', 'sapien non mi integer ac neque duis bibendum morbi non quam nec dui luctus rutrum nulla tellus in', '구편절판', '2021-09-19 00:00:00', '2020-11-10 00:00:00'),
	(896, '042090567-7', '경제', 'Dallon', 'Elfrida', 'Twitternation', 622, 22283, 'noimage.jpg', 'lorem ipsum dolor sit amet consectetuer adipiscing elit proin interdum mauris non ligula pellentesque ultrices phasellus id', '판매중', '2020-09-25 00:00:00', '2021-02-03 00:00:00'),
	(897, '946480461-0', '경제', 'Gabriel', 'Adam', 'Skimia', 961, 7697, 'noimage.jpg', 'sit amet erat nulla tempus vivamus in felis eu sapien cursus', '절판', '2021-07-06 00:00:00', '2021-03-19 00:00:00'),
	(898, '024680819-5', '잡지', 'Colene', 'Barry', 'Ailane', 551, 22605, 'noimage.jpg', 'ut erat id mauris vulputate elementum nullam varius nulla facilisi cras non velit nec nisi vulputate nonummy', '품절', '2020-11-24 00:00:00', '2020-10-28 00:00:00'),
	(899, '617640701-X', '경제', 'Ketti', 'Merola', 'Dazzlesphere', 614, 22808, 'noimage.jpg', 'tempus vel pede morbi porttitor lorem id ligula suspendisse ornare consequat lectus in', '판매중', '2021-03-14 00:00:00', '2021-05-14 00:00:00'),
	(900, '539620350-1', '경제', 'Annice', 'Kermit', 'Reallinks', 115, 28585, 'noimage.jpg', 'sed tristique in tempus sit amet sem fusce consequat nulla nisl nunc', '절판', '2021-06-20 00:00:00', '2021-05-31 00:00:00'),
	(901, '458825486-3', '잡지', 'Ahmad', 'Renate', 'Oodoo', 508, 27941, 'noimage.jpg', 'sit amet nunc viverra dapibus nulla suscipit ligula in lacus curabitur at ipsum ac tellus semper interdum mauris ullamcorper purus', '판매중', '2021-01-07 00:00:00', '2021-02-20 00:00:00'),
	(902, '503934007-9', '외국어', 'Tallulah', 'Tore', 'Cogidoo', 622, 16682, 'noimage.jpg', 'ultrices posuere cubilia curae mauris viverra diam vitae quam suspendisse potenti nullam porttitor lacus at turpis donec posuere metus vitae', '판매중', '2021-07-05 00:00:00', '2021-03-23 00:00:00'),
	(903, '081061429-4', '여행', 'Addie', 'Ingra', 'Thoughtsphere', 199, 20106, 'noimage.jpg', 'vitae consectetuer eget rutrum at lorem integer tincidunt ante vel ipsum praesent blandit lacinia erat vestibulum sed magna at', '구편절판', '2021-04-22 00:00:00', '2021-06-25 00:00:00'),
	(904, '808642889-3', '여행', 'Erna', 'Alessandro', 'Oozz', 284, 25809, 'noimage.jpg', 'in imperdiet et commodo vulputate justo in blandit ultrices enim lorem', '절판', '2021-09-01 00:00:00', '2021-04-25 00:00:00'),
	(905, '230996463-8', '경제', 'Maggy', 'Gaile', 'Aibox', 373, 17514, 'noimage.jpg', 'ullamcorper purus sit amet nulla quisque arcu libero rutrum ac lobortis vel dapibus at diam nam', '판매중', '2021-01-29 00:00:00', '2020-12-07 00:00:00'),
	(906, '060429849-8', '잡지', 'Dannie', 'Kailey', 'Skynoodle', 605, 18843, 'noimage.jpg', 'purus phasellus in felis donec semper sapien a libero nam dui proin leo odio porttitor id consequat', '구편절판', '2021-04-23 00:00:00', '2020-10-26 00:00:00'),
	(907, '117924073-1', '잡지', 'Brandy', 'Kenny', 'Bubbletube', 521, 15572, 'noimage.jpg', 'orci eget orci vehicula condimentum curabitur in libero ut massa volutpat convallis morbi', '절판', '2021-08-17 00:00:00', '2020-12-31 00:00:00'),
	(908, '530034735-3', '경제', 'Shelden', 'Abelard', 'Ainyx', 580, 6725, 'noimage.jpg', 'elementum nullam varius nulla facilisi cras non velit nec nisi vulputate nonummy maecenas tincidunt lacus at velit vivamus', '절판', '2021-04-19 00:00:00', '2021-04-14 00:00:00'),
	(909, '761144790-4', '소설', 'Glendon', 'Ernesta', 'Shuffledrive', 722, 29159, 'noimage.jpg', 'sed vel enim sit amet nunc viverra dapibus nulla suscipit ligula in lacus curabitur at ipsum ac tellus', '구편절판', '2020-12-03 00:00:00', '2021-04-24 00:00:00'),
	(910, '356417397-8', '경제', 'Christal', 'Sylvia', 'Quamba', 80, 28381, 'noimage.jpg', 'sit amet lobortis sapien sapien non mi integer ac neque', '구편절판', '2021-05-24 00:00:00', '2021-03-02 00:00:00'),
	(911, '697168422-2', '잡지', 'Lillis', 'Marney', 'Jabberstorm', 820, 5142, 'noimage.jpg', 'lacinia aenean sit amet justo morbi ut odio cras mi pede malesuada in imperdiet et commodo vulputate justo', '구편절판', '2021-03-12 00:00:00', '2021-04-21 00:00:00'),
	(912, '199475617-9', '잡지', 'Quinton', 'Worden', 'Tavu', 950, 14841, 'noimage.jpg', 'eu tincidunt in leo maecenas pulvinar lobortis est phasellus sit amet', '구편절판', '2021-06-11 00:00:00', '2020-11-07 00:00:00'),
	(913, '402563635-2', '경제', 'Rafaela', 'Randene', 'Jabbertype', 689, 17876, 'noimage.jpg', 'rhoncus aliquam lacus morbi quis tortor id nulla ultrices aliquet maecenas leo', '절판', '2020-11-24 00:00:00', '2021-07-13 00:00:00'),
	(914, '798414196-7', '경제', 'Giana', 'Dacia', 'Realcube', 393, 6345, 'noimage.jpg', 'molestie sed justo pellentesque viverra pede ac diam cras pellentesque volutpat dui maecenas tristique est', '구편절판', '2021-02-23 00:00:00', '2021-03-27 00:00:00'),
	(915, '835446440-7', '잡지', 'Agustin', 'Port', 'Thoughtstorm', 447, 18173, 'noimage.jpg', 'at turpis a pede posuere nonummy integer non velit donec diam neque vestibulum eget vulputate ut ultrices vel', '판매중', '2020-11-23 00:00:00', '2021-04-25 00:00:00'),
	(916, '453933224-4', '잡지', 'Billy', 'Chris', 'Plajo', 386, 19051, 'noimage.jpg', 'amet cursus id turpis integer aliquet massa id lobortis convallis tortor', '품절', '2020-12-21 00:00:00', '2021-05-25 00:00:00'),
	(917, '392754942-8', '외국어', 'Eal', 'Vittoria', 'Realmix', 272, 8870, 'noimage.jpg', 'at lorem integer tincidunt ante vel ipsum praesent blandit lacinia erat vestibulum sed magna at nunc commodo', '품절', '2021-01-28 00:00:00', '2020-10-13 00:00:00'),
	(918, '976424236-7', '여행', 'Corly', 'Lynelle', 'Twitterbeat', 482, 10901, 'noimage.jpg', 'sed tristique in tempus sit amet sem fusce consequat nulla nisl nunc nisl duis bibendum felis sed interdum', '판매중', '2020-10-24 00:00:00', '2020-11-24 00:00:00'),
	(919, '175813999-4', '외국어', 'Adel', 'Talbert', 'Photobug', 328, 24978, 'noimage.jpg', 'tellus in sagittis dui vel nisl duis ac nibh fusce lacus purus aliquet at feugiat non pretium quis', '절판', '2021-04-19 00:00:00', '2021-04-03 00:00:00'),
	(920, '320575585-5', '소설', 'Jerrilyn', 'Tonie', 'Yakidoo', 989, 10527, 'noimage.jpg', 'vel est donec odio justo sollicitudin ut suscipit a feugiat et eros vestibulum', '구편절판', '2020-10-12 00:00:00', '2021-08-25 00:00:00'),
	(921, '928812981-2', '외국어', 'Shaughn', 'Raine', 'Mynte', 401, 9281, 'noimage.jpg', 'luctus tincidunt nulla mollis molestie lorem quisque ut erat curabitur gravida', '구편절판', '2021-07-21 00:00:00', '2021-09-13 00:00:00'),
	(922, '094594104-8', '소설', 'Faber', 'Shurlock', 'Linkbridge', 372, 7152, 'noimage.jpg', 'turpis eget elit sodales scelerisque mauris sit amet eros suspendisse accumsan tortor quis turpis sed ante vivamus tortor duis', '품절', '2021-08-08 00:00:00', '2020-10-06 00:00:00'),
	(923, '457978784-6', '여행', 'Layla', 'Holli', 'Gigabox', 779, 6838, 'noimage.jpg', 'purus eu magna vulputate luctus cum sociis natoque penatibus et magnis dis parturient montes nascetur ridiculus mus vivamus vestibulum sagittis', '판매중', '2021-07-30 00:00:00', '2021-03-27 00:00:00'),
	(924, '047500241-5', '잡지', 'Hartwell', 'Margalo', 'Avaveo', 511, 21511, 'noimage.jpg', 'sit amet turpis elementum ligula vehicula consequat morbi a ipsum integer a nibh in quis justo maecenas rhoncus aliquam lacus', '절판', '2021-06-19 00:00:00', '2020-11-08 00:00:00'),
	(925, '952722356-3', '잡지', 'Saidee', 'Nil', 'Oyondu', 768, 25086, 'noimage.jpg', 'maecenas ut massa quis augue luctus tincidunt nulla mollis molestie lorem quisque ut', '판매중', '2020-10-02 00:00:00', '2021-03-17 00:00:00'),
	(926, '045837921-2', '외국어', 'Leonora', 'Grace', 'Riffpath', 139, 26732, 'noimage.jpg', 'etiam pretium iaculis justo in hac habitasse platea dictumst etiam faucibus cursus urna ut', '판매중', '2021-03-20 00:00:00', '2020-12-06 00:00:00'),
	(927, '891526805-9', '소설', 'Tori', 'Laetitia', 'Yodel', 27, 18379, 'noimage.jpg', 'diam erat fermentum justo nec condimentum neque sapien placerat ante nulla justo aliquam quis turpis eget elit sodales scelerisque', '품절', '2021-05-24 00:00:00', '2021-04-23 00:00:00'),
	(928, '825024536-9', '여행', 'Olia', 'Codie', 'Jabbersphere', 903, 20692, 'noimage.jpg', 'condimentum neque sapien placerat ante nulla justo aliquam quis turpis eget elit sodales', '판매중', '2021-01-03 00:00:00', '2021-05-02 00:00:00'),
	(929, '873797112-3', '여행', 'Wash', 'Caryl', 'Cogibox', 980, 22532, 'noimage.jpg', 'in lectus pellentesque at nulla suspendisse potenti cras in purus eu magna vulputate luctus cum', '구편절판', '2020-11-21 00:00:00', '2021-07-13 00:00:00'),
	(930, '634515393-1', '소설', 'Justine', 'Maryl', 'Browsecat', 591, 7111, 'noimage.jpg', 'in leo maecenas pulvinar lobortis est phasellus sit amet erat nulla tempus vivamus in', '품절', '2021-05-11 00:00:00', '2021-04-25 00:00:00'),
	(931, '065766718-8', '만화', 'Leonie', 'Yule', 'Realcube', 170, 27516, 'noimage.jpg', 'pharetra magna vestibulum aliquet ultrices erat tortor sollicitudin mi sit amet lobortis', '구편절판', '2021-08-16 00:00:00', '2020-10-14 00:00:00'),
	(932, '720122034-9', '만화', 'Benjy', 'Emmalynne', 'Skyvu', 62, 23913, 'noimage.jpg', 'dolor vel est donec odio justo sollicitudin ut suscipit a feugiat et eros vestibulum ac est', '절판', '2021-05-25 00:00:00', '2021-08-17 00:00:00'),
	(933, '680999066-6', '잡지', 'Germain', 'Kynthia', 'Topicware', 211, 6829, 'noimage.jpg', 'rhoncus mauris enim leo rhoncus sed vestibulum sit amet cursus', '절판', '2021-02-25 00:00:00', '2021-07-25 00:00:00'),
	(934, '773330132-7', '만화', 'Thorndike', 'Sharron', 'Riffpath', 411, 24262, 'noimage.jpg', 'dictumst aliquam augue quam sollicitudin vitae consectetuer eget rutrum at lorem integer tincidunt ante vel ipsum praesent', '판매중', '2021-07-21 00:00:00', '2021-01-04 00:00:00'),
	(935, '365094155-4', '잡지', 'Randy', 'Effie', 'Dablist', 674, 5922, 'noimage.jpg', 'duis at velit eu est congue elementum in hac habitasse platea dictumst morbi vestibulum velit id pretium', '품절', '2020-10-23 00:00:00', '2021-08-21 00:00:00'),
	(936, '675735126-9', '여행', 'Reggie', 'Filmer', 'Geba', 476, 25027, 'noimage.jpg', 'auctor sed tristique in tempus sit amet sem fusce consequat nulla nisl nunc nisl', '판매중', '2021-01-07 00:00:00', '2021-02-01 00:00:00'),
	(937, '418575187-7', '잡지', 'Gabbi', 'Darelle', 'Npath', 37, 22963, 'noimage.jpg', 'eget elit sodales scelerisque mauris sit amet eros suspendisse accumsan tortor quis turpis sed ante vivamus', '판매중', '2020-11-30 00:00:00', '2021-08-14 00:00:00'),
	(938, '210367575-4', '소설', 'Janette', 'Engelbert', 'Skimia', 366, 22753, 'noimage.jpg', 'imperdiet sapien urna pretium nisl ut volutpat sapien arcu sed augue aliquam erat volutpat in', '품절', '2021-03-12 00:00:00', '2021-01-09 00:00:00'),
	(939, '021600984-7', '경제', 'Katheryn', 'Cathryn', 'Chatterpoint', 576, 28423, 'noimage.jpg', 'eu sapien cursus vestibulum proin eu mi nulla ac enim in tempor turpis', '구편절판', '2021-02-24 00:00:00', '2021-09-19 00:00:00'),
	(940, '449338401-8', '여행', 'Mac', 'Anthony', 'Kazu', 508, 16914, 'noimage.jpg', 'ligula vehicula consequat morbi a ipsum integer a nibh in quis justo maecenas rhoncus aliquam lacus morbi', '구편절판', '2021-05-22 00:00:00', '2020-11-25 00:00:00'),
	(941, '956912032-0', '여행', 'Veda', 'Ewart', 'Feednation', 888, 23939, 'noimage.jpg', 'tortor id nulla ultrices aliquet maecenas leo odio condimentum id luctus nec molestie sed', '구편절판', '2021-05-08 00:00:00', '2020-12-08 00:00:00'),
	(942, '053487921-7', '잡지', 'Herman', 'Glory', 'Bluezoom', 563, 20673, 'noimage.jpg', 'ac nibh fusce lacus purus aliquet at feugiat non pretium quis lectus suspendisse potenti in eleifend quam a odio', '절판', '2020-12-16 00:00:00', '2021-05-10 00:00:00'),
	(943, '310243100-3', '여행', 'Salomone', 'Wiley', 'Quaxo', 181, 21883, 'noimage.jpg', 'libero nullam sit amet turpis elementum ligula vehicula consequat morbi a ipsum integer a nibh in quis justo maecenas rhoncus', '품절', '2020-12-13 00:00:00', '2021-06-28 00:00:00'),
	(944, '732254509-5', '만화', 'Trip', 'Meredeth', 'Agivu', 925, 26095, 'noimage.jpg', 'orci nullam molestie nibh in lectus pellentesque at nulla suspendisse potenti cras', '판매중', '2021-09-11 00:00:00', '2020-12-01 00:00:00'),
	(945, '830867389-9', '여행', 'Nealy', 'Rooney', 'Teklist', 157, 25151, 'noimage.jpg', 'ante vestibulum ante ipsum primis in faucibus orci luctus et ultrices posuere cubilia curae duis faucibus accumsan odio curabitur convallis', '절판', '2021-01-12 00:00:00', '2020-10-06 00:00:00'),
	(946, '586021519-3', '여행', 'Emmet', 'Bastien', 'Ntag', 228, 7992, 'noimage.jpg', 'nulla neque libero convallis eget eleifend luctus ultricies eu nibh quisque id justo sit amet sapien dignissim vestibulum vestibulum ante', '구편절판', '2021-04-16 00:00:00', '2020-11-28 00:00:00'),
	(947, '975050540-9', '외국어', 'Dani', 'Suzanna', 'Yadel', 387, 5285, 'noimage.jpg', 'mi nulla ac enim in tempor turpis nec euismod scelerisque', '품절', '2021-08-25 00:00:00', '2021-05-29 00:00:00'),
	(948, '313658232-2', '소설', 'Fernande', 'Riobard', 'Centidel', 254, 22255, 'noimage.jpg', 'vel accumsan tellus nisi eu orci mauris lacinia sapien quis libero nullam sit amet turpis elementum ligula vehicula', '판매중', '2021-02-27 00:00:00', '2021-07-12 00:00:00'),
	(949, '001296697-5', '경제', 'Stevena', 'Chalmers', 'Tagopia', 906, 14492, 'noimage.jpg', 'nulla dapibus dolor vel est donec odio justo sollicitudin ut suscipit', '판매중', '2020-11-18 00:00:00', '2021-03-29 00:00:00'),
	(950, '606938398-2', '소설', 'Sile', 'Dorene', 'Kaymbo', 671, 15925, 'noimage.jpg', 'imperdiet nullam orci pede venenatis non sodales sed tincidunt eu felis fusce posuere felis sed lacus', '절판', '2020-11-02 00:00:00', '2021-04-06 00:00:00'),
	(951, '506813391-4', '여행', 'Kylynn', 'Demetri', 'Gabspot', 420, 8174, 'noimage.jpg', 'nibh in quis justo maecenas rhoncus aliquam lacus morbi quis tortor', '판매중', '2021-02-24 00:00:00', '2021-02-08 00:00:00'),
	(952, '566097628-X', '소설', 'Monti', 'Gherardo', 'Skinix', 499, 13527, 'noimage.jpg', 'ultrices posuere cubilia curae donec pharetra magna vestibulum aliquet ultrices erat tortor sollicitudin mi sit amet lobortis sapien sapien non', '품절', '2021-07-11 00:00:00', '2020-10-04 00:00:00'),
	(953, '392608959-8', '여행', 'Kasey', 'Janean', 'Muxo', 344, 12759, 'noimage.jpg', 'sapien a libero nam dui proin leo odio porttitor id consequat in consequat ut nulla sed accumsan felis ut at', '판매중', '2020-09-28 00:00:00', '2021-07-14 00:00:00'),
	(954, '798058762-6', '잡지', 'Raul', 'Cassandry', 'Wordify', 859, 5459, 'noimage.jpg', 'vestibulum sit amet cursus id turpis integer aliquet massa id lobortis convallis tortor risus dapibus augue vel accumsan', '절판', '2021-06-10 00:00:00', '2021-05-31 00:00:00'),
	(955, '329601874-3', '소설', 'Karel', 'Inga', 'InnoZ', 541, 6621, 'noimage.jpg', 'posuere cubilia curae nulla dapibus dolor vel est donec odio justo sollicitudin ut suscipit', '판매중', '2021-02-11 00:00:00', '2021-08-24 00:00:00'),
	(956, '672104390-4', '소설', 'Lynea', 'Anette', 'Demivee', 663, 27853, 'noimage.jpg', 'aenean fermentum donec ut mauris eget massa tempor convallis nulla neque libero convallis eget eleifend luctus ultricies eu nibh', '품절', '2021-03-02 00:00:00', '2021-03-17 00:00:00'),
	(957, '678030183-3', '여행', 'Mikey', 'Terrel', 'Bubblemix', 366, 7719, 'noimage.jpg', 'nec nisi volutpat eleifend donec ut dolor morbi vel lectus in', '절판', '2021-02-19 00:00:00', '2020-10-25 00:00:00'),
	(958, '440231701-0', '잡지', 'Seymour', 'Eartha', 'Ainyx', 678, 11135, 'noimage.jpg', 'in leo maecenas pulvinar lobortis est phasellus sit amet erat nulla tempus vivamus in felis eu sapien cursus vestibulum proin', '품절', '2020-12-03 00:00:00', '2021-04-27 00:00:00'),
	(959, '533028568-2', '잡지', 'Lavinie', 'Tisha', 'Eazzy', 64, 24087, 'noimage.jpg', 'phasellus id sapien in sapien iaculis congue vivamus metus arcu adipiscing molestie', '품절', '2021-02-06 00:00:00', '2021-05-20 00:00:00'),
	(960, '746546004-2', '외국어', 'Alice', 'Roxane', 'Youbridge', 978, 29550, 'noimage.jpg', 'dolor vel est donec odio justo sollicitudin ut suscipit a feugiat et eros vestibulum ac est', '품절', '2021-02-02 00:00:00', '2021-07-20 00:00:00'),
	(961, '695967642-8', '외국어', 'Sawyer', 'Fernando', 'Browsetype', 917, 23436, 'noimage.jpg', 'nulla facilisi cras non velit nec nisi vulputate nonummy maecenas tincidunt lacus at velit', '절판', '2021-07-10 00:00:00', '2021-02-27 00:00:00'),
	(962, '019518872-1', '만화', 'Amii', 'Merell', 'Flashdog', 512, 28540, 'noimage.jpg', 'aenean sit amet justo morbi ut odio cras mi pede malesuada in imperdiet et commodo vulputate', '품절', '2021-04-11 00:00:00', '2021-07-21 00:00:00'),
	(963, '078567977-4', '여행', 'Torrance', 'Bil', 'Snaptags', 143, 9274, 'noimage.jpg', 'sodales sed tincidunt eu felis fusce posuere felis sed lacus morbi sem mauris laoreet ut rhoncus aliquet', '판매중', '2021-04-23 00:00:00', '2020-12-21 00:00:00'),
	(964, '421106319-7', '소설', 'Ofelia', 'Selina', 'Skipfire', 856, 5742, 'noimage.jpg', 'suscipit nulla elit ac nulla sed vel enim sit amet nunc viverra dapibus nulla suscipit ligula in', '절판', '2021-06-30 00:00:00', '2021-02-06 00:00:00'),
	(965, '939854282-X', '잡지', 'Pattie', 'Forester', 'Browsedrive', 971, 29653, 'noimage.jpg', 'mauris lacinia sapien quis libero nullam sit amet turpis elementum ligula vehicula consequat morbi a ipsum integer', '품절', '2021-01-25 00:00:00', '2021-01-07 00:00:00'),
	(966, '957091496-3', '잡지', 'Angel', 'Killie', 'Layo', 536, 26721, 'noimage.jpg', 'in lacus curabitur at ipsum ac tellus semper interdum mauris ullamcorper purus sit amet nulla', '품절', '2020-10-19 00:00:00', '2021-08-31 00:00:00'),
	(967, '739437335-5', '여행', 'Suzi', 'Tam', 'Yotz', 769, 13452, 'noimage.jpg', 'platea dictumst aliquam augue quam sollicitudin vitae consectetuer eget rutrum at lorem integer tincidunt', '절판', '2021-09-01 00:00:00', '2021-08-23 00:00:00'),
	(968, '546740005-3', '잡지', 'Janette', 'Aloisia', 'Skinix', 132, 23019, 'noimage.jpg', 'volutpat dui maecenas tristique est et tempus semper est quam pharetra magna ac consequat metus sapien ut nunc', '품절', '2021-02-09 00:00:00', '2021-04-02 00:00:00'),
	(969, '225500175-6', '경제', 'Archie', 'Phyllida', 'Realbuzz', 493, 26286, 'noimage.jpg', 'orci mauris lacinia sapien quis libero nullam sit amet turpis elementum ligula vehicula consequat', '품절', '2021-03-29 00:00:00', '2021-02-26 00:00:00'),
	(970, '335280644-6', '잡지', 'Rosabelle', 'Bar', 'Geba', 432, 17233, 'noimage.jpg', 'nulla justo aliquam quis turpis eget elit sodales scelerisque mauris sit amet eros', '구편절판', '2021-05-21 00:00:00', '2021-03-08 00:00:00'),
	(971, '144521495-4', '경제', 'Eloisa', 'Beitris', 'Meedoo', 261, 22099, 'noimage.jpg', 'quis turpis sed ante vivamus tortor duis mattis egestas metus aenean fermentum donec ut', '판매중', '2021-02-12 00:00:00', '2020-10-12 00:00:00'),
	(972, '223987642-5', '잡지', 'Dix', 'Tess', 'Fadeo', 169, 16995, 'noimage.jpg', 'quisque arcu libero rutrum ac lobortis vel dapibus at diam nam tristique tortor eu', '판매중', '2021-06-19 00:00:00', '2021-09-13 00:00:00'),
	(973, '449855237-7', '소설', 'Marta', 'Prudence', 'Zoovu', 202, 22468, 'noimage.jpg', 'nibh in quis justo maecenas rhoncus aliquam lacus morbi quis', '품절', '2021-05-01 00:00:00', '2021-09-03 00:00:00'),
	(974, '230782396-4', '외국어', 'Waylin', 'Lillis', 'Blogspan', 624, 19131, 'noimage.jpg', 'pellentesque ultrices mattis odio donec vitae nisi nam ultrices libero non mattis pulvinar nulla pede ullamcorper augue a suscipit', '구편절판', '2021-09-10 00:00:00', '2020-11-21 00:00:00'),
	(975, '357833575-4', '잡지', 'Luelle', 'Rafferty', 'Realcube', 81, 10057, 'noimage.jpg', 'diam erat fermentum justo nec condimentum neque sapien placerat ante nulla justo aliquam quis turpis eget', '절판', '2021-09-07 00:00:00', '2020-12-23 00:00:00'),
	(976, '508139905-1', '경제', 'Donna', 'Aldous', 'Jetpulse', 511, 16700, 'noimage.jpg', 'id sapien in sapien iaculis congue vivamus metus arcu adipiscing', '절판', '2021-05-11 00:00:00', '2021-05-29 00:00:00'),
	(977, '677972643-5', '소설', 'Gabby', 'Bord', 'Gabvine', 967, 21903, 'noimage.jpg', 'consequat lectus in est risus auctor sed tristique in tempus sit amet', '판매중', '2021-09-12 00:00:00', '2021-09-04 00:00:00'),
	(978, '681101541-1', '여행', 'Garv', 'Fayth', 'Blogpad', 620, 28024, 'noimage.jpg', 'at feugiat non pretium quis lectus suspendisse potenti in eleifend quam a odio in hac habitasse platea dictumst maecenas', '품절', '2021-05-10 00:00:00', '2021-08-21 00:00:00'),
	(979, '925010745-5', '소설', 'Harriette', 'Broderic', 'Voolith', 385, 17144, 'noimage.jpg', 'phasellus id sapien in sapien iaculis congue vivamus metus arcu adipiscing molestie hendrerit at vulputate vitae nisl aenean', '구편절판', '2020-12-04 00:00:00', '2021-07-21 00:00:00'),
	(980, '610363536-5', '소설', 'Chrissy', 'Minnie', 'Innotype', 142, 6315, 'noimage.jpg', 'fermentum justo nec condimentum neque sapien placerat ante nulla justo aliquam quis turpis eget elit sodales', '판매중', '2021-05-08 00:00:00', '2021-03-20 00:00:00'),
	(981, '088602616-4', '외국어', 'Penn', 'Dionysus', 'Rhycero', 976, 19974, 'noimage.jpg', 'odio porttitor id consequat in consequat ut nulla sed accumsan felis ut at dolor quis odio consequat varius integer', '구편절판', '2021-03-14 00:00:00', '2021-03-15 00:00:00'),
	(982, '942664263-3', '외국어', 'Dalt', 'Cris', 'Jabberstorm', 547, 21027, 'noimage.jpg', 'porta volutpat erat quisque erat eros viverra eget congue eget semper rutrum nulla nunc purus', '구편절판', '2021-02-13 00:00:00', '2021-08-25 00:00:00'),
	(983, '008650219-0', '경제', 'Jerrome', 'Florry', 'Ooba', 495, 24756, 'noimage.jpg', 'neque sapien placerat ante nulla justo aliquam quis turpis eget elit sodales scelerisque mauris sit amet', '구편절판', '2021-04-17 00:00:00', '2021-07-19 00:00:00'),
	(984, '721460239-3', '경제', 'Bailey', 'Joella', 'Kaymbo', 122, 13928, 'noimage.jpg', 'nulla ultrices aliquet maecenas leo odio condimentum id luctus nec molestie sed justo pellentesque viverra pede ac diam', '절판', '2020-09-26 00:00:00', '2020-12-16 00:00:00'),
	(985, '172482085-0', '잡지', 'Tommie', 'Betsy', 'Dynabox', 617, 8259, 'noimage.jpg', 'tincidunt in leo maecenas pulvinar lobortis est phasellus sit amet erat nulla tempus vivamus in felis eu sapien cursus', '판매중', '2021-08-07 00:00:00', '2021-04-28 00:00:00'),
	(986, '563440652-8', '소설', 'Cherlyn', 'Pamelina', 'Edgetag', 303, 28827, 'noimage.jpg', 'enim in tempor turpis nec euismod scelerisque quam turpis adipiscing lorem vitae mattis nibh ligula', '판매중', '2021-05-15 00:00:00', '2021-09-06 00:00:00'),
	(987, '485591445-2', '여행', 'Wynnie', 'Haleigh', 'Ntags', 750, 20873, 'noimage.jpg', 'magna bibendum imperdiet nullam orci pede venenatis non sodales sed tincidunt', '품절', '2020-10-30 00:00:00', '2021-08-14 00:00:00'),
	(988, '369929172-3', '여행', 'Katherine', 'Taryn', 'Realblab', 411, 15691, 'noimage.jpg', 'tellus in sagittis dui vel nisl duis ac nibh fusce lacus', '품절', '2021-02-24 00:00:00', '2021-07-12 00:00:00'),
	(989, '147822042-2', '경제', 'Cacilia', 'Elsa', 'Miboo', 45, 29875, 'noimage.jpg', 'nulla tellus in sagittis dui vel nisl duis ac nibh fusce lacus purus aliquet at feugiat non pretium quis', '품절', '2021-02-04 00:00:00', '2021-04-23 00:00:00'),
	(990, '735048876-9', '만화', 'Loydie', 'Kristina', 'Babbleopia', 842, 28718, 'noimage.jpg', 'amet eleifend pede libero quis orci nullam molestie nibh in lectus pellentesque at nulla suspendisse potenti', '품절', '2020-12-21 00:00:00', '2021-03-04 00:00:00'),
	(991, '297280829-0', '여행', 'Blayne', 'Lezlie', 'Mudo', 888, 11697, 'noimage.jpg', 'augue vestibulum rutrum rutrum neque aenean auctor gravida sem praesent id massa id nisl venenatis lacinia', '절판', '2021-03-02 00:00:00', '2021-03-17 00:00:00'),
	(992, '419942876-3', '경제', 'Gerrie', 'Sky', 'Snaptags', 603, 9202, 'noimage.jpg', 'praesent id massa id nisl venenatis lacinia aenean sit amet justo', '절판', '2021-09-10 00:00:00', '2021-05-06 00:00:00'),
	(993, '635147201-6', '여행', 'Darrelle', 'Finlay', 'Zazio', 773, 17643, 'noimage.jpg', 'ipsum primis in faucibus orci luctus et ultrices posuere cubilia curae donec pharetra magna vestibulum aliquet', '품절', '2020-11-04 00:00:00', '2021-07-12 00:00:00'),
	(994, '925782390-3', '여행', 'Bennie', 'Calla', 'Yakidoo', 840, 24855, 'noimage.jpg', 'in quam fringilla rhoncus mauris enim leo rhoncus sed vestibulum', '품절', '2021-09-20 00:00:00', '2020-10-13 00:00:00'),
	(995, '101293449-7', '여행', 'Hailey', 'Gardie', 'Wikibox', 588, 20842, 'noimage.jpg', 'nulla ac enim in tempor turpis nec euismod scelerisque quam turpis adipiscing lorem vitae mattis', '판매중', '2021-09-05 00:00:00', '2021-05-31 00:00:00'),
	(996, '878549770-3', '소설', 'Bank', 'Laurice', 'Brainverse', 143, 21930, 'noimage.jpg', 'consequat dui nec nisi volutpat eleifend donec ut dolor morbi vel lectus in quam fringilla rhoncus mauris enim leo rhoncus', '판매중', '2020-09-26 00:00:00', '2020-11-04 00:00:00'),
	(997, '184264000-3', '잡지', 'Yovonnda', 'Galina', 'Browsecat', 939, 23221, 'noimage.jpg', 'lacinia erat vestibulum sed magna at nunc commodo placerat praesent blandit nam nulla integer', '구편절판', '2020-11-25 00:00:00', '2021-07-03 00:00:00'),
	(998, '343068800-0', '소설', 'Jocko', 'Rodi', 'Fivechat', 261, 29778, 'noimage.jpg', 'a libero nam dui proin leo odio porttitor id consequat in consequat', '절판', '2021-01-28 00:00:00', '2021-09-18 00:00:00'),
	(999, '877677906-8', '외국어', 'Abbye', 'Rudolph', 'Meevee', 460, 19722, 'noimage.jpg', 'eu est congue elementum in hac habitasse platea dictumst morbi vestibulum velit id pretium', '구편절판', '2021-02-16 00:00:00', '2020-12-31 00:00:00'),
	(1000, '454738296-4', '경제', 'Patsy', 'Celesta', 'Twinte', 485, 8399, 'noimage.jpg', 'metus arcu adipiscing molestie hendrerit at vulputate vitae nisl aenean lectus pellentesque eget nunc donec quis', '품절', '2020-09-25 00:00:00', '2020-10-14 00:00:00');
/*!40000 ALTER TABLE `ebook` ENABLE KEYS */;

-- 테이블 shop.member 구조 내보내기
DROP TABLE IF EXISTS `member`;
CREATE TABLE IF NOT EXISTS `member` (
  `member_no` int(11) NOT NULL AUTO_INCREMENT,
  `member_id` varchar(50) NOT NULL,
  `member_pw` varchar(200) NOT NULL,
  `member_level` int(11) NOT NULL,
  `member_name` varchar(200) NOT NULL,
  `member_age` int(11) NOT NULL,
  `member_gender` enum('남','여') NOT NULL,
  `update_date` date NOT NULL,
  `create_date` date NOT NULL,
  PRIMARY KEY (`member_no`),
  UNIQUE KEY `member_id` (`member_id`)
) ENGINE=InnoDB AUTO_INCREMENT=108 DEFAULT CHARSET=utf8mb3;

-- 테이블 데이터 shop.member:~103 rows (대략적) 내보내기
DELETE FROM `member`;
/*!40000 ALTER TABLE `member` DISABLE KEYS */;
INSERT INTO `member` (`member_no`, `member_id`, `member_pw`, `member_level`, `member_name`, `member_age`, `member_gender`, `update_date`, `create_date`) VALUES
	(1, 'admin', '*A4B6157319038724E3560894F7F932C8886EBFCF', 1, '관리자', 17, '남', '2021-09-14', '2021-09-14'),
	(2, 'goodee', '*00A51F3F48415C7D4E8908980D443C29C69B60C9', 0, '구디', 18, '남', '2021-09-14', '2021-09-14'),
	(4, '926551662-3', '*A4B6157319038724E3560894F7F932C8886EBFCF', 0, 'Adriena', 49, '남', '2021-09-15', '2021-09-15'),
	(5, '716206562-7', '*A4B6157319038724E3560894F7F932C8886EBFCF', 0, 'Emily', 42, '여', '2021-09-15', '2021-09-15'),
	(6, '983518508-5', '*A4B6157319038724E3560894F7F932C8886EBFCF', 0, 'Heywood', 75, '남', '2021-09-15', '2021-09-15'),
	(7, '536894575-2', '*A4B6157319038724E3560894F7F932C8886EBFCF', 0, 'Tim', 37, '여', '2021-09-15', '2021-09-15'),
	(8, '805971389-2', '*A4B6157319038724E3560894F7F932C8886EBFCF', 0, 'Ogden', 35, '남', '2021-09-15', '2021-09-15'),
	(9, '530815479-1', '*A4B6157319038724E3560894F7F932C8886EBFCF', 0, 'Cheston', 68, '여', '2021-09-15', '2021-09-15'),
	(10, '031529060-9', '*A4B6157319038724E3560894F7F932C8886EBFCF', 0, 'Dall', 14, '남', '2021-09-15', '2021-09-15'),
	(11, '764318405-4', '*A4B6157319038724E3560894F7F932C8886EBFCF', 0, 'Christophorus', 25, '여', '2021-09-15', '2021-09-15'),
	(12, '996722075-9', '*A4B6157319038724E3560894F7F932C8886EBFCF', 0, 'Barnabe', 38, '남', '2021-09-15', '2021-09-15'),
	(13, '984044861-7', '*A4B6157319038724E3560894F7F932C8886EBFCF', 0, 'Laurette', 80, '남', '2021-09-15', '2021-09-15'),
	(14, '926831914-4', '*A4B6157319038724E3560894F7F932C8886EBFCF', 0, 'Miof mela', 19, '남', '2021-09-15', '2021-09-15'),
	(15, '446738530-4', '*A4B6157319038724E3560894F7F932C8886EBFCF', 0, 'Sid', 19, '여', '2021-09-15', '2021-09-15'),
	(16, '784185882-5', '*A4B6157319038724E3560894F7F932C8886EBFCF', 0, 'Ezekiel', 14, '남', '2021-09-15', '2021-09-15'),
	(17, '948957629-8', '*A4B6157319038724E3560894F7F932C8886EBFCF', 0, 'Daveta', 30, '남', '2021-09-15', '2021-09-15'),
	(18, '219042070-9', '*A4B6157319038724E3560894F7F932C8886EBFCF', 0, 'Kathlin', 34, '남', '2021-09-15', '2021-09-15'),
	(19, '193354365-5', '*A4B6157319038724E3560894F7F932C8886EBFCF', 0, 'Belva', 50, '남', '2021-09-15', '2021-09-15'),
	(20, '230660940-3', '*A4B6157319038724E3560894F7F932C8886EBFCF', 0, 'Estrella', 13, '여', '2021-09-15', '2021-09-15'),
	(21, '268789604-7', '*A4B6157319038724E3560894F7F932C8886EBFCF', 0, 'Ashby', 38, '남', '2021-09-15', '2021-09-15'),
	(22, '158317046-4', '*A4B6157319038724E3560894F7F932C8886EBFCF', 0, 'Lanita', 28, '남', '2021-09-15', '2021-09-15'),
	(23, '848390740-2', '*A4B6157319038724E3560894F7F932C8886EBFCF', 0, 'Rozelle', 26, '여', '2021-09-15', '2021-09-15'),
	(24, '164789150-7', '*A4B6157319038724E3560894F7F932C8886EBFCF', 0, 'Olin', 62, '남', '2021-09-15', '2021-09-15'),
	(25, '153646943-2', '*A4B6157319038724E3560894F7F932C8886EBFCF', 0, 'Dean', 17, '여', '2021-09-15', '2021-09-15'),
	(26, '317579018-6', '*A4B6157319038724E3560894F7F932C8886EBFCF', 0, 'Clem', 71, '남', '2021-09-15', '2021-09-15'),
	(27, '183433536-1', '*A4B6157319038724E3560894F7F932C8886EBFCF', 0, 'Steffi', 61, '남', '2021-09-15', '2021-09-15'),
	(28, '494254000-3', '*A4B6157319038724E3560894F7F932C8886EBFCF', 0, 'Caitlin', 92, '남', '2021-09-15', '2021-09-15'),
	(29, '361000870-9', '*A4B6157319038724E3560894F7F932C8886EBFCF', 0, 'Camile', 72, '남', '2021-09-15', '2021-09-15'),
	(30, '485599034-5', '*A4B6157319038724E3560894F7F932C8886EBFCF', 0, 'Bay', 25, '여', '2021-09-15', '2021-09-15'),
	(31, '330170070-5', '*A4B6157319038724E3560894F7F932C8886EBFCF', 0, 'Avril', 82, '여', '2021-09-15', '2021-09-15'),
	(32, '682957774-8', '*A4B6157319038724E3560894F7F932C8886EBFCF', 0, 'Willamina', 40, '남', '2021-09-15', '2021-09-15'),
	(33, '996794044-1', '*A4B6157319038724E3560894F7F932C8886EBFCF', 0, 'Lew', 94, '남', '2021-09-15', '2021-09-15'),
	(34, '810657376-1', '*A4B6157319038724E3560894F7F932C8886EBFCF', 0, 'Brand', 48, '남', '2021-09-15', '2021-09-15'),
	(35, '072105542-7', '*A4B6157319038724E3560894F7F932C8886EBFCF', 0, 'Amble', 27, '남', '2021-09-15', '2021-09-15'),
	(36, '686138873-4', '*A4B6157319038724E3560894F7F932C8886EBFCF', 0, 'Raffaello', 71, '여', '2021-09-15', '2021-09-15'),
	(37, '489487609-4', '*A4B6157319038724E3560894F7F932C8886EBFCF', 0, 'Michel', 97, '여', '2021-09-15', '2021-09-15'),
	(38, '782489372-3', '*A4B6157319038724E3560894F7F932C8886EBFCF', 0, 'Miller', 70, '남', '2021-09-15', '2021-09-15'),
	(39, '369479569-3', '*A4B6157319038724E3560894F7F932C8886EBFCF', 0, 'Gunther', 68, '여', '2021-09-15', '2021-09-15'),
	(40, '404645244-7', '*A4B6157319038724E3560894F7F932C8886EBFCF', 0, 'Myrlene', 82, '남', '2021-09-15', '2021-09-15'),
	(41, '970743802-9', '*A4B6157319038724E3560894F7F932C8886EBFCF', 0, 'Ana', 67, '여', '2021-09-15', '2021-09-15'),
	(42, '291413147-X', '*A4B6157319038724E3560894F7F932C8886EBFCF', 0, 'Kore', 63, '여', '2021-09-15', '2021-09-15'),
	(43, '511876588-9', '*A4B6157319038724E3560894F7F932C8886EBFCF', 0, 'Kira', 10, '여', '2021-09-15', '2021-09-15'),
	(44, '628666961-2', '*A4B6157319038724E3560894F7F932C8886EBFCF', 0, 'Laurene', 63, '남', '2021-09-15', '2021-09-15'),
	(45, '151090159-0', '*A4B6157319038724E3560894F7F932C8886EBFCF', 0, 'Elinor', 84, '여', '2021-09-15', '2021-09-15'),
	(46, '181450804-X', '*A4B6157319038724E3560894F7F932C8886EBFCF', 0, 'Crista', 69, '남', '2021-09-15', '2021-09-15'),
	(47, '268154782-2', '*A4B6157319038724E3560894F7F932C8886EBFCF', 0, 'Andre', 21, '여', '2021-09-15', '2021-09-15'),
	(48, '840431347-4', '*A4B6157319038724E3560894F7F932C8886EBFCF', 0, 'Mirna', 51, '남', '2021-09-15', '2021-09-15'),
	(49, '527596520-6', '*A4B6157319038724E3560894F7F932C8886EBFCF', 0, 'Hilario', 94, '남', '2021-09-15', '2021-09-15'),
	(50, '111906940-8', '*A4B6157319038724E3560894F7F932C8886EBFCF', 0, 'Lianna', 28, '여', '2021-09-15', '2021-09-15'),
	(51, '461946028-1', '*A4B6157319038724E3560894F7F932C8886EBFCF', 0, 'Alfons', 78, '여', '2021-09-15', '2021-09-15'),
	(52, '948379422-6', '*A4B6157319038724E3560894F7F932C8886EBFCF', 0, 'Kathryne', 50, '남', '2021-09-15', '2021-09-15'),
	(53, '565112156-0', '*A4B6157319038724E3560894F7F932C8886EBFCF', 0, 'Vite', 85, '여', '2021-09-15', '2021-09-15'),
	(54, '508345752-0', '*A4B6157319038724E3560894F7F932C8886EBFCF', 0, 'Anders', 95, '여', '2021-09-15', '2021-09-15'),
	(55, '049813798-8', '*A4B6157319038724E3560894F7F932C8886EBFCF', 0, 'Tamiko', 41, '남', '2021-09-15', '2021-09-15'),
	(56, '603756831-6', '*A4B6157319038724E3560894F7F932C8886EBFCF', 0, 'Karrie', 61, '남', '2021-09-15', '2021-09-15'),
	(57, '823911618-3', '*A4B6157319038724E3560894F7F932C8886EBFCF', 0, 'Cordelia', 94, '남', '2021-09-15', '2021-09-15'),
	(58, '490291410-7', '*A4B6157319038724E3560894F7F932C8886EBFCF', 0, 'Sybila', 37, '남', '2021-09-15', '2021-09-15'),
	(59, '912431080-8', '*A4B6157319038724E3560894F7F932C8886EBFCF', 0, 'Lanita', 52, '남', '2021-09-15', '2021-09-15'),
	(60, '086314348-2', '*A4B6157319038724E3560894F7F932C8886EBFCF', 0, 'Jonathon', 30, '남', '2021-09-15', '2021-09-15'),
	(61, '468666158-7', '*A4B6157319038724E3560894F7F932C8886EBFCF', 0, 'Horst', 87, '여', '2021-09-15', '2021-09-15'),
	(62, '291911858-7', '*A4B6157319038724E3560894F7F932C8886EBFCF', 0, 'Merna', 50, '여', '2021-09-15', '2021-09-15'),
	(63, '029737341-2', '*A4B6157319038724E3560894F7F932C8886EBFCF', 0, 'Maggie', 37, '여', '2021-09-15', '2021-09-15'),
	(64, '879640937-1', '*A4B6157319038724E3560894F7F932C8886EBFCF', 0, 'Cherri', 21, '남', '2021-09-15', '2021-09-15'),
	(65, '548352015-7', '*A4B6157319038724E3560894F7F932C8886EBFCF', 0, 'Wald', 42, '여', '2021-09-15', '2021-09-15'),
	(66, '947215334-8', '*A4B6157319038724E3560894F7F932C8886EBFCF', 0, 'Woodie', 72, '남', '2021-09-15', '2021-09-15'),
	(67, '350895315-7', '*A4B6157319038724E3560894F7F932C8886EBFCF', 0, 'Timoteo', 72, '남', '2021-09-15', '2021-09-15'),
	(68, '077123288-8', '*A4B6157319038724E3560894F7F932C8886EBFCF', 0, 'Wini', 40, '여', '2021-09-15', '2021-09-15'),
	(69, '479141720-8', '*A4B6157319038724E3560894F7F932C8886EBFCF', 0, 'Bethany', 92, '남', '2021-09-15', '2021-09-15'),
	(70, '588883953-1', '*A4B6157319038724E3560894F7F932C8886EBFCF', 0, 'Bealle', 18, '남', '2021-09-15', '2021-09-15'),
	(71, '149384413-X', '*A4B6157319038724E3560894F7F932C8886EBFCF', 0, 'Timothee', 94, '남', '2021-09-15', '2021-09-15'),
	(72, '284505331-2', '*A4B6157319038724E3560894F7F932C8886EBFCF', 0, 'Barnebas', 39, '남', '2021-09-15', '2021-09-15'),
	(73, '688884868-X', '*A4B6157319038724E3560894F7F932C8886EBFCF', 0, 'Maurene', 82, '남', '2021-09-15', '2021-09-15'),
	(74, '334775076-4', '*A4B6157319038724E3560894F7F932C8886EBFCF', 0, 'Florian', 61, '여', '2021-09-15', '2021-09-15'),
	(75, '403940600-1', '*A4B6157319038724E3560894F7F932C8886EBFCF', 0, 'Hermann', 16, '남', '2021-09-15', '2021-09-15'),
	(76, '854502102-X', '*A4B6157319038724E3560894F7F932C8886EBFCF', 0, 'Mattie', 55, '남', '2021-09-15', '2021-09-15'),
	(77, '910111949-4', '*A4B6157319038724E3560894F7F932C8886EBFCF', 0, 'Lezley', 92, '남', '2021-09-15', '2021-09-15'),
	(78, '657132246-3', '*A4B6157319038724E3560894F7F932C8886EBFCF', 0, 'Trula', 20, '여', '2021-09-15', '2021-09-15'),
	(79, '453835558-5', '*A4B6157319038724E3560894F7F932C8886EBFCF', 0, 'Janean', 42, '여', '2021-09-15', '2021-09-15'),
	(80, '385266453-5', '*A4B6157319038724E3560894F7F932C8886EBFCF', 0, 'Perrine', 83, '여', '2021-09-15', '2021-09-15'),
	(81, '053765502-6', '*A4B6157319038724E3560894F7F932C8886EBFCF', 0, 'Rockey', 30, '여', '2021-09-15', '2021-09-15'),
	(82, '865924694-2', '*A4B6157319038724E3560894F7F932C8886EBFCF', 0, 'Ellissa', 85, '남', '2021-09-15', '2021-09-15'),
	(83, '701634658-7', '*A4B6157319038724E3560894F7F932C8886EBFCF', 0, 'Rob', 70, '여', '2021-09-15', '2021-09-15'),
	(84, '146987745-7', '*A4B6157319038724E3560894F7F932C8886EBFCF', 0, 'Trista', 18, '여', '2021-09-15', '2021-09-15'),
	(85, '325342270-4', '*A4B6157319038724E3560894F7F932C8886EBFCF', 0, 'Idalina', 94, '남', '2021-09-15', '2021-09-15'),
	(86, '243890823-8', '*A4B6157319038724E3560894F7F932C8886EBFCF', 0, 'Tobin', 73, '남', '2021-09-15', '2021-09-15'),
	(87, '238778880-X', '*A4B6157319038724E3560894F7F932C8886EBFCF', 0, 'Twila', 24, '여', '2021-09-15', '2021-09-15'),
	(88, '457355521-8', '*A4B6157319038724E3560894F7F932C8886EBFCF', 0, 'Sibylle', 25, '남', '2021-09-15', '2021-09-15'),
	(89, '272945859-X', '*A4B6157319038724E3560894F7F932C8886EBFCF', 0, 'Hunfredo', 11, '남', '2021-09-15', '2021-09-15'),
	(90, '627086956-0', '*A4B6157319038724E3560894F7F932C8886EBFCF', 0, 'Chaddy', 27, '여', '2021-09-15', '2021-09-15'),
	(91, '964497743-2', '*A4B6157319038724E3560894F7F932C8886EBFCF', 0, 'Tera', 27, '여', '2021-09-15', '2021-09-15'),
	(92, '313713749-7', '*A4B6157319038724E3560894F7F932C8886EBFCF', 0, 'Anne', 51, '남', '2021-09-15', '2021-09-15'),
	(93, '674755292-X', '*A4B6157319038724E3560894F7F932C8886EBFCF', 0, 'Leonanie', 52, '남', '2021-09-15', '2021-09-15'),
	(94, '840010713-6', '*A4B6157319038724E3560894F7F932C8886EBFCF', 0, 'Ambur', 25, '여', '2021-09-15', '2021-09-15'),
	(95, '849722559-7', '*A4B6157319038724E3560894F7F932C8886EBFCF', 0, 'Trip', 39, '여', '2021-09-15', '2021-09-15'),
	(96, '666110528-3', '*A4B6157319038724E3560894F7F932C8886EBFCF', 0, 'Farlee', 96, '여', '2021-09-15', '2021-09-15'),
	(97, '271433876-3', '*A4B6157319038724E3560894F7F932C8886EBFCF', 0, 'Paolo', 55, '여', '2021-09-15', '2021-09-15'),
	(98, '245884735-8', '*A4B6157319038724E3560894F7F932C8886EBFCF', 0, 'Misha', 38, '남', '2021-09-15', '2021-09-15'),
	(99, '115495282-7', '*A4B6157319038724E3560894F7F932C8886EBFCF', 0, 'Carline', 55, '남', '2021-09-15', '2021-09-15'),
	(100, '739007590-2', '*A4B6157319038724E3560894F7F932C8886EBFCF', 0, 'Sherwood', 31, '남', '2021-09-15', '2021-09-15'),
	(101, '294821496-3', '*A4B6157319038724E3560894F7F932C8886EBFCF', 0, 'Niles', 68, '여', '2021-09-15', '2021-09-15'),
	(102, '113364159-8', '*A4B6157319038724E3560894F7F932C8886EBFCF', 0, 'Reena', 91, '여', '2021-09-15', '2021-09-15'),
	(103, '792151703-X', '*A4B6157319038724E3560894F7F932C8886EBFCF', 0, 'Georgetta', 67, '여', '2021-09-15', '2021-09-15'),
	(106, 'hello', '*00A51F3F48415C7D4E8908980D443C29C69B60C9', 0, 'HELLO', 12, '남', '2021-09-30', '2021-09-28');
/*!40000 ALTER TABLE `member` ENABLE KEYS */;

-- 테이블 shop.notice 구조 내보내기
DROP TABLE IF EXISTS `notice`;
CREATE TABLE IF NOT EXISTS `notice` (
  `notice_no` int(11) NOT NULL AUTO_INCREMENT,
  `notice_title` varchar(500) NOT NULL,
  `notice_content` text NOT NULL,
  `member_no` int(11) NOT NULL,
  `create_date` datetime NOT NULL,
  `update_date` datetime NOT NULL,
  PRIMARY KEY (`notice_no`)
) ENGINE=InnoDB AUTO_INCREMENT=13 DEFAULT CHARSET=utf8mb3;

-- 테이블 데이터 shop.notice:~11 rows (대략적) 내보내기
DELETE FROM `notice`;
/*!40000 ALTER TABLE `notice` DISABLE KEYS */;
INSERT INTO `notice` (`notice_no`, `notice_title`, `notice_content`, `member_no`, `create_date`, `update_date`) VALUES
	(1, 'test', 'test', 2, '2021-09-29 10:57:43', '2021-09-29 10:57:44'),
	(2, 'test2', 'test2', 1, '2021-09-29 12:09:28', '2021-09-29 12:09:28'),
	(3, 'test3', 'test3', 1, '2021-09-29 12:10:23', '2021-09-29 12:10:23'),
	(4, 'test4', 'test4', 1, '2021-09-29 12:10:32', '2021-09-29 12:10:32'),
	(5, 'test5', 'test5', 1, '2021-09-29 12:10:36', '2021-09-29 12:10:36'),
	(6, 'tes6', 'test6', 1, '2021-09-29 12:14:09', '2021-09-29 12:14:09'),
	(7, 'test7', 'test7', 1, '2021-09-29 12:14:34', '2021-09-29 12:14:35'),
	(8, 'test8', 'test8', 1, '2021-09-29 12:14:38', '2021-09-29 12:14:38'),
	(9, 'test9', 'test9', 1, '2021-09-29 12:14:54', '2021-09-29 12:14:55'),
	(10, 'test10', 'test10', 1, '2021-09-29 12:15:06', '2021-09-29 12:15:06'),
	(12, 'test12', 'test12', 1, '2021-09-29 15:21:34', '2021-09-29 15:21:34');
/*!40000 ALTER TABLE `notice` ENABLE KEYS */;

-- 테이블 shop.orders 구조 내보내기
DROP TABLE IF EXISTS `orders`;
CREATE TABLE IF NOT EXISTS `orders` (
  `order_no` int(11) NOT NULL AUTO_INCREMENT,
  `ebook_no` int(11) NOT NULL,
  `member_no` int(11) NOT NULL,
  `order_price` int(11) NOT NULL,
  `create_date` datetime NOT NULL,
  `update_date` datetime NOT NULL,
  PRIMARY KEY (`order_no`),
  KEY `ebook_no` (`ebook_no`),
  KEY `member_no` (`member_no`)
) ENGINE=InnoDB AUTO_INCREMENT=55 DEFAULT CHARSET=utf8mb3;

-- 테이블 데이터 shop.orders:~54 rows (대략적) 내보내기
DELETE FROM `orders`;
/*!40000 ALTER TABLE `orders` DISABLE KEYS */;
INSERT INTO `orders` (`order_no`, `ebook_no`, `member_no`, `order_price`, `create_date`, `update_date`) VALUES
	(1, 6, 5, 1000, '2021-09-24 00:00:00', '2021-09-24 00:00:00'),
	(2, 4, 8, 1000, '2021-09-24 00:00:00', '2021-09-24 00:00:00'),
	(3, 6, 5, 1000, '2021-09-24 00:00:00', '2021-09-24 00:00:00'),
	(4, 10, 5, 1000, '2021-09-24 00:00:00', '2021-09-24 00:00:00'),
	(5, 9, 6, 1000, '2021-09-24 00:00:00', '2021-09-24 00:00:00'),
	(6, 7, 5, 1000, '2021-09-24 00:00:00', '2021-09-24 00:00:00'),
	(7, 8, 5, 1000, '2021-09-24 00:00:00', '2021-09-24 00:00:00'),
	(8, 6, 7, 1000, '2021-09-24 00:00:00', '2021-09-24 00:00:00'),
	(9, 7, 5, 1000, '2021-09-24 00:00:00', '2021-09-24 00:00:00'),
	(10, 5, 7, 1000, '2021-09-24 00:00:00', '2021-09-24 00:00:00'),
	(11, 9, 8, 1000, '2021-09-24 00:00:00', '2021-09-24 00:00:00'),
	(12, 4, 9, 1000, '2021-09-24 00:00:00', '2021-09-24 00:00:00'),
	(13, 3, 9, 1000, '2021-09-24 00:00:00', '2021-09-24 00:00:00'),
	(14, 10, 8, 1000, '2021-09-24 00:00:00', '2021-09-24 00:00:00'),
	(15, 2, 6, 1000, '2021-09-24 00:00:00', '2021-09-24 00:00:00'),
	(16, 5, 6, 1000, '2021-09-24 00:00:00', '2021-09-24 00:00:00'),
	(17, 4, 8, 1000, '2021-09-24 00:00:00', '2021-09-24 00:00:00'),
	(18, 5, 7, 1000, '2021-09-24 00:00:00', '2021-09-24 00:00:00'),
	(19, 3, 5, 1000, '2021-09-24 00:00:00', '2021-09-24 00:00:00'),
	(20, 9, 9, 1000, '2021-09-24 00:00:00', '2021-09-24 00:00:00'),
	(21, 7, 8, 1000, '2021-09-24 00:00:00', '2021-09-24 00:00:00'),
	(22, 7, 9, 1000, '2021-09-24 00:00:00', '2021-09-24 00:00:00'),
	(23, 9, 8, 1000, '2021-09-24 00:00:00', '2021-09-24 00:00:00'),
	(24, 4, 5, 1000, '2021-09-24 00:00:00', '2021-09-24 00:00:00'),
	(25, 3, 6, 1000, '2021-09-24 00:00:00', '2021-09-24 00:00:00'),
	(26, 8, 5, 1000, '2021-09-24 00:00:00', '2021-09-24 00:00:00'),
	(27, 2, 8, 1000, '2021-09-24 00:00:00', '2021-09-24 00:00:00'),
	(28, 4, 9, 1000, '2021-09-24 00:00:00', '2021-09-24 00:00:00'),
	(29, 3, 8, 1000, '2021-09-24 00:00:00', '2021-09-24 00:00:00'),
	(30, 1, 2, 1000, '2021-09-24 00:00:00', '2021-09-24 00:00:00'),
	(31, 4, 7, 1000, '2021-09-24 00:00:00', '2021-09-24 00:00:00'),
	(32, 4, 9, 1000, '2021-09-24 00:00:00', '2021-09-24 00:00:00'),
	(33, 2, 2, 1000, '2021-09-24 00:00:00', '2021-09-24 00:00:00'),
	(34, 6, 9, 1000, '2021-09-24 00:00:00', '2021-09-24 00:00:00'),
	(35, 7, 5, 1000, '2021-09-24 00:00:00', '2021-09-24 00:00:00'),
	(36, 4, 5, 1000, '2021-09-24 00:00:00', '2021-09-24 00:00:00'),
	(37, 8, 7, 1000, '2021-09-24 00:00:00', '2021-09-24 00:00:00'),
	(38, 4, 5, 1000, '2021-09-24 00:00:00', '2021-09-24 00:00:00'),
	(39, 3, 5, 1000, '2021-09-24 00:00:00', '2021-09-24 00:00:00'),
	(40, 9, 7, 1000, '2021-09-24 00:00:00', '2021-09-24 00:00:00'),
	(41, 9, 5, 1000, '2021-09-24 00:00:00', '2021-09-24 00:00:00'),
	(42, 5, 2, 1000, '2021-09-24 00:00:00', '2021-09-24 00:00:00'),
	(43, 3, 9, 1000, '2021-09-24 00:00:00', '2021-09-24 00:00:00'),
	(44, 6, 9, 1000, '2021-09-24 00:00:00', '2021-09-24 00:00:00'),
	(45, 6, 6, 1000, '2021-09-24 00:00:00', '2021-09-24 00:00:00'),
	(46, 2, 5, 1000, '2021-09-24 00:00:00', '2021-09-24 00:00:00'),
	(47, 6, 8, 1000, '2021-09-24 00:00:00', '2021-09-24 00:00:00'),
	(48, 8, 5, 1000, '2021-09-24 00:00:00', '2021-09-24 00:00:00'),
	(49, 7, 2, 1000, '2021-09-24 00:00:00', '2021-09-24 00:00:00'),
	(50, 4, 9, 1000, '2021-09-24 00:00:00', '2021-09-24 00:00:00'),
	(51, 760, 2, 25000, '2021-09-28 15:49:17', '2021-09-28 15:49:17'),
	(52, 566, 2, 27708, '2021-09-28 17:49:06', '2021-09-28 17:49:06'),
	(53, 566, 2, 25000, '2021-09-30 16:07:10', '2021-09-30 16:07:10'),
	(54, 728, 106, 7667, '2021-10-06 17:08:22', '2021-10-06 17:08:22');
/*!40000 ALTER TABLE `orders` ENABLE KEYS */;

-- 테이블 shop.order_comment 구조 내보내기
DROP TABLE IF EXISTS `order_comment`;
CREATE TABLE IF NOT EXISTS `order_comment` (
  `order_no` int(11) NOT NULL,
  `ebook_no` int(11) NOT NULL,
  `order_score` int(11) NOT NULL,
  `order_comment_content` text NOT NULL,
  `create_date` datetime NOT NULL,
  `update_date` datetime NOT NULL,
  PRIMARY KEY (`order_no`)
) ENGINE=InnoDB DEFAULT CHARSET=utf8mb3;

-- 테이블 데이터 shop.order_comment:~11 rows (대략적) 내보내기
DELETE FROM `order_comment`;
/*!40000 ALTER TABLE `order_comment` DISABLE KEYS */;
INSERT INTO `order_comment` (`order_no`, `ebook_no`, `order_score`, `order_comment_content`, `create_date`, `update_date`) VALUES
	(15, 2, 3, 'goodjob', '2021-09-28 13:40:53', '2021-09-28 13:40:54'),
	(27, 2, 7, 'good?', '2021-09-28 13:40:58', '2021-09-28 13:40:57'),
	(30, 1, 8, 'GOOD', '2021-09-27 17:04:20', '2021-09-27 17:04:20'),
	(33, 2, 4, 'so much!', '2021-09-28 13:41:56', '2021-09-28 13:41:56'),
	(42, 5, 5, 'good!', '2021-09-27 17:09:40', '2021-09-27 17:09:40'),
	(46, 2, 9, 'wow', '2021-09-28 13:41:40', '2021-09-28 13:41:40'),
	(49, 7, 2, '너무 좋아요', '2021-09-28 15:49:00', '2021-09-28 15:49:00'),
	(51, 760, 1, '너무 좋아요', '2021-09-28 16:14:07', '2021-09-28 16:14:07'),
	(52, 566, 7, '너무 조 아 요', '2021-09-28 17:55:28', '2021-09-28 17:55:28'),
	(53, 566, 9, '너무좋아요', '2021-09-30 16:07:28', '2021-09-30 16:07:28'),
	(54, 728, 3, 'so good', '2021-10-06 17:09:06', '2021-10-06 17:09:06');
/*!40000 ALTER TABLE `order_comment` ENABLE KEYS */;

-- 테이블 shop.qna 구조 내보내기
DROP TABLE IF EXISTS `qna`;
CREATE TABLE IF NOT EXISTS `qna` (
  `qna_no` int(11) NOT NULL AUTO_INCREMENT,
  `qna_category` enum('전자책관련','개인정보관련','기타') NOT NULL,
  `qna_title` varchar(500) NOT NULL,
  `qna_content` text NOT NULL,
  `qna_secret` enum('Y','N') NOT NULL,
  `member_no` int(11) NOT NULL,
  `create_date` datetime NOT NULL,
  `update_date` datetime NOT NULL,
  `member_name` varchar(50) NOT NULL,
  PRIMARY KEY (`qna_no`)
) ENGINE=InnoDB AUTO_INCREMENT=13 DEFAULT CHARSET=utf8mb3;

-- 테이블 데이터 shop.qna:~9 rows (대략적) 내보내기
DELETE FROM `qna`;
/*!40000 ALTER TABLE `qna` DISABLE KEYS */;
INSERT INTO `qna` (`qna_no`, `qna_category`, `qna_title`, `qna_content`, `qna_secret`, `member_no`, `create_date`, `update_date`, `member_name`) VALUES
	(1, '전자책관련', 'test', 'test', 'N', 106, '2021-09-29 10:37:31', '2021-09-29 10:37:35', 'HELLO'),
	(2, '전자책관련', 'test1', 'test1', 'N', 106, '2021-09-29 10:38:21', '2021-09-29 10:38:22', 'HELLO'),
	(3, '전자책관련', 'test2', 'test2', 'N', 106, '2021-09-29 10:38:33', '2021-09-29 10:38:33', 'HELLO'),
	(4, '개인정보관련', 'test3', 'test3', 'N', 106, '2021-09-29 10:39:09', '2021-09-29 10:39:13', 'HELLO'),
	(6, '전자책관련', 'test6', 'test6', 'Y', 2, '2021-09-30 11:14:38', '2021-09-30 11:44:35', '구디'),
	(9, '개인정보관련', '테스트입니다', 'test', 'Y', 2, '2021-10-01 14:41:19', '2021-10-01 14:41:19', '구디'),
	(10, '기타', '테스트입니다', 'test', 'Y', 106, '2021-10-01 17:27:35', '2021-10-01 17:41:45', 'HELLO'),
	(11, '전자책관련', '테스트입니다', 'testest', 'N', 2, '2021-10-01 17:28:26', '2021-10-01 17:28:26', '구디'),
	(12, '기타', '테스트입니다', 'test', 'Y', 2, '2021-10-05 17:19:44', '2021-10-05 17:19:44', '구디');
/*!40000 ALTER TABLE `qna` ENABLE KEYS */;

-- 테이블 shop.qna_comment 구조 내보내기
DROP TABLE IF EXISTS `qna_comment`;
CREATE TABLE IF NOT EXISTS `qna_comment` (
  `qna_no` int(11) NOT NULL,
  `qna_comment_content` text NOT NULL,
  `member_no` int(11) NOT NULL,
  `create_date` datetime NOT NULL,
  `update_date` datetime NOT NULL,
  PRIMARY KEY (`qna_no`)
) ENGINE=InnoDB DEFAULT CHARSET=utf8mb3;

-- 테이블 데이터 shop.qna_comment:~5 rows (대략적) 내보내기
DELETE FROM `qna_comment`;
/*!40000 ALTER TABLE `qna_comment` DISABLE KEYS */;
INSERT INTO `qna_comment` (`qna_no`, `qna_comment_content`, `member_no`, `create_date`, `update_date`) VALUES
	(1, 'q1', 1, '2021-09-29 10:40:05', '2021-09-29 10:40:06'),
	(2, '테스트입니다', 1, '2021-09-30 16:04:48', '2021-09-30 16:04:48'),
	(3, 'q3', 1, '2021-09-29 10:40:13', '2021-09-29 10:40:13'),
	(4, '완료', 1, '2021-09-30 16:29:50', '2021-09-30 16:29:50'),
	(6, '완료', 1, '2021-09-30 16:30:00', '2021-09-30 16:30:00');
/*!40000 ALTER TABLE `qna_comment` ENABLE KEYS */;

/*!40101 SET SQL_MODE=IFNULL(@OLD_SQL_MODE, '') */;
/*!40014 SET FOREIGN_KEY_CHECKS=IFNULL(@OLD_FOREIGN_KEY_CHECKS, 1) */;
/*!40101 SET CHARACTER_SET_CLIENT=@OLD_CHARACTER_SET_CLIENT */;
/*!40111 SET SQL_NOTES=IFNULL(@OLD_SQL_NOTES, 1) */;
